INSERT INTO Usuario (us_id,us_nombre,us_clave,modificado,creado,activo,modifico)VALUES (1,'Supervisor','','20020320 21:03:29','20020320 20:54:55',1,1)

INSERT INTO Tabla (tbl_id,tbl_nombre,tbl_nombrefisico,tbl_campoId,tbl_campoAlias,tbl_sqlHelp,tbl_tieneArbol,tbl_campoNombre,tbl_camposInView,tbl_where)VALUES (1,'Prestacion','Prestacion','pre_id','pre_nombre','',0,'pre_nombre','','')
INSERT INTO Tabla (tbl_id,tbl_nombre,tbl_nombrefisico,tbl_campoId,tbl_campoAlias,tbl_sqlHelp,tbl_tieneArbol,tbl_campoNombre,tbl_camposInView,tbl_where)VALUES (2,'Rol','Rol','rol_id','rol_nombre','',0,'rol_nombre','Activo=activo,Modifico=(select us_nombre from usuario  s where us_id =rol.modifico)','')
INSERT INTO Tabla (tbl_id,tbl_nombre,tbl_nombrefisico,tbl_campoId,tbl_campoAlias,tbl_sqlHelp,tbl_tieneArbol,tbl_campoNombre,tbl_camposInView,tbl_where)VALUES (3,'Usuario','Usuario','us_id','us_nombre','',0,'us_nombre','Activo=activo,Modifico=(select us_nombre from usuario  s where us_id =usuario.modifico)','')
INSERT INTO Tabla (tbl_id,tbl_nombre,tbl_nombrefisico,tbl_campoId,tbl_campoAlias,tbl_sqlHelp,tbl_tieneArbol,tbl_campoNombre,tbl_camposInView,tbl_where)VALUES (4,'Permiso','Permiso','per_id','per_nombre','',0,'per_nombre','','')
INSERT INTO Tabla (tbl_id,tbl_nombre,tbl_nombrefisico,tbl_campoId,tbl_campoAlias,tbl_sqlHelp,tbl_tieneArbol,tbl_campoNombre,tbl_camposInView,tbl_where)VALUES (33,'Escala','Escala','esc_id','esc_alias','',0,'esc_nombre','Alias= esc_alias,activo=Activo,Modifico=(select us_nombre from usuario where us_id =escala.modifico)','')
INSERT INTO Tabla (tbl_id,tbl_nombre,tbl_nombrefisico,tbl_campoId,tbl_campoAlias,tbl_sqlHelp,tbl_tieneArbol,tbl_campoNombre,tbl_camposInView,tbl_where)VALUES (6,'Provincia','Provincia','pro_id','pro_alias','',0,'pro_nombre','Alias= pro_alias,activo=Activo,Modifico=(select us_nombre from usuario where us_id =provincia.modifico)','')
INSERT INTO Tabla (tbl_id,tbl_nombre,tbl_nombrefisico,tbl_campoId,tbl_campoAlias,tbl_sqlHelp,tbl_tieneArbol,tbl_campoNombre,tbl_camposInView,tbl_where)VALUES (7,'Unidad','Unidad','un_id','un_alias','',0,'un_nombre','Alias= un_alias,activo=Activo,Modifico=(select us_nombre from usuario where us_id =unidad.modifico)','')
INSERT INTO Tabla (tbl_id,tbl_nombre,tbl_nombrefisico,tbl_campoId,tbl_campoAlias,tbl_sqlHelp,tbl_tieneArbol,tbl_campoNombre,tbl_camposInView,tbl_where)VALUES (8,'Zona','Zona','zon_id','zon_alias','',0,'zon_nombre','Alias= zon_alias,activo=Activo,Modifico=(select us_nombre from usuario where us_id =zona.modifico)','')
INSERT INTO Tabla (tbl_id,tbl_nombre,tbl_nombrefisico,tbl_campoId,tbl_campoAlias,tbl_sqlHelp,tbl_tieneArbol,tbl_campoNombre,tbl_camposInView,tbl_where)VALUES (9,'TasaImpositiva','TasaImpositiva','ti_id','ti_alias','',0,'ti_nombre','Alias= ti_alias,activo=Activo,Modifico=(select us_nombre from usuario where us_id =Tasaimpositiva.modifico)','')
GO
INSERT INTO Tabla (tbl_id,tbl_nombre,tbl_nombrefisico,tbl_campoId,tbl_campoAlias,tbl_sqlHelp,tbl_tieneArbol,tbl_campoNombre,tbl_camposInView,tbl_where)VALUES (10,'DepositoFisico','DepositoFisico','depf_id','depf_alias','',0,'depf_nombre','Alias= depf_alias,activo=Activo,Modifico=(select us_nombre from usuario where us_id =DepositoFisico.modifico)','')
INSERT INTO Tabla (tbl_id,tbl_nombre,tbl_nombrefisico,tbl_campoId,tbl_campoAlias,tbl_sqlHelp,tbl_tieneArbol,tbl_campoNombre,tbl_camposInView,tbl_where)VALUES (11,'DepositoLogico','DepositoLogico','depl_id','depl_alias','',0,'depl_nombre','Alias= depl_alias,activo=Activo,Modifico=(select us_nombre from usuario where us_id =DepositoLogico.modifico)','')
INSERT INTO Tabla (tbl_id,tbl_nombre,tbl_nombrefisico,tbl_campoId,tbl_campoAlias,tbl_sqlHelp,tbl_tieneArbol,tbl_campoNombre,tbl_camposInView,tbl_where)VALUES (12,'Moneda','Moneda','mon_id','mon_alias','',0,'mon_nombre','Alias= mon_alias,activo=Activo,Modifico=(select us_nombre from usuario where us_id =Moneda.modifico)','')
INSERT INTO Tabla (tbl_id,tbl_nombre,tbl_nombrefisico,tbl_campoId,tbl_campoAlias,tbl_sqlHelp,tbl_tieneArbol,tbl_campoNombre,tbl_camposInView,tbl_where)VALUES (13,'Banco','Banco','bco_id','bco_alias','',0,'bco_nombre','Alias= bco_alias,activo=Activo,Modifico=(select us_nombre from usuario where us_id =Banco.modifico)','')
INSERT INTO Tabla (tbl_id,tbl_nombre,tbl_nombrefisico,tbl_campoId,tbl_campoAlias,tbl_sqlHelp,tbl_tieneArbol,tbl_campoNombre,tbl_camposInView,tbl_where)VALUES (14,'SucursalCliente','SucursalCliente','sc_id','sc_alias','',0,'sc_nombre','Alias= sc_alias,activo=Activo,Modifico=(select us_nombre from usuario where us_id =SucursalCliente.modifico)','')
INSERT INTO Tabla (tbl_id,tbl_nombre,tbl_nombrefisico,tbl_campoId,tbl_campoAlias,tbl_sqlHelp,tbl_tieneArbol,tbl_campoNombre,tbl_camposInView,tbl_where)VALUES (15,'Vendedor','Vendedor','ven_id','ven_alias','',0,'ven_nombre','Alias= ven_alias,activo=Activo,Modifico=(select us_nombre from usuario where us_id =Vendedor.modifico)','')
INSERT INTO Tabla (tbl_id,tbl_nombre,tbl_nombrefisico,tbl_campoId,tbl_campoAlias,tbl_sqlHelp,tbl_tieneArbol,tbl_campoNombre,tbl_camposInView,tbl_where)VALUES (16,'TarjetaCredito','TarjetaCredito','tjc_id','tjc_alias','',0,'tjc_nombre','Alias= tjc_alias,activo=Activo,Modifico=(select us_nombre from usuario where us_id =TarjetaCredito.modifico)','')
INSERT INTO Tabla (tbl_id,tbl_nombre,tbl_nombrefisico,tbl_campoId,tbl_campoAlias,tbl_sqlHelp,tbl_tieneArbol,tbl_campoNombre,tbl_camposInView,tbl_where)VALUES (17,'Cuenta','Cuenta','cue_id','cue_alias','',0,'cue_nombre','Alias=cue_alias,activo=Activo,Modifico=(select us_nombre from usuario where us_id =Cuenta.modifico)','')
INSERT INTO Tabla (tbl_id,tbl_nombre,tbl_nombrefisico,tbl_campoId,tbl_campoAlias,tbl_sqlHelp,tbl_tieneArbol,tbl_campoNombre,tbl_camposInView,tbl_where)VALUES (18,'CuentaUso','CuentaUso','cueu_id','cueu_alias','',0,'cueu_nombre','Alias= cueu_alias,activo=Activo,Modifico=(select us_nombre from usuario where us_id =CuentaUso.modifico)','')
INSERT INTO Tabla (tbl_id,tbl_nombre,tbl_nombrefisico,tbl_campoId,tbl_campoAlias,tbl_sqlHelp,tbl_tieneArbol,tbl_campoNombre,tbl_camposInView,tbl_where)VALUES (19,'CuentaCategoria','CuentaCategoria','cuec_id','cuec_alias','',0,'cuec_nombre','Alias= cuec_alias','')
GO
INSERT INTO Tabla (tbl_id,tbl_nombre,tbl_nombrefisico,tbl_campoId,tbl_campoAlias,tbl_sqlHelp,tbl_tieneArbol,tbl_campoNombre,tbl_camposInView,tbl_where)VALUES (20,'Leyenda','Leyenda','ley_id','ley_alias','',0,'ley_nombre','Alias=ley_alias,activo=Activo,Modifico=(select us_nombre from usuario where us_id =Leyenda.modifico)','')
INSERT INTO Tabla (tbl_id,tbl_nombre,tbl_nombrefisico,tbl_campoId,tbl_campoAlias,tbl_sqlHelp,tbl_tieneArbol,tbl_campoNombre,tbl_camposInView,tbl_where)VALUES (21,'CentroCosto','CentroCosto','ccos_id','ccos_alias','',0,'ccos_nombre','Alias= ccos_alias,activo=Activo,Modifico=(select us_nombre from usuario where us_id =CentroCosto.modifico)','')
INSERT INTO Tabla (tbl_id,tbl_nombre,tbl_nombrefisico,tbl_campoId,tbl_campoAlias,tbl_sqlHelp,tbl_tieneArbol,tbl_campoNombre,tbl_camposInView,tbl_where)VALUES (22,'Chequera','Chequera','chq_id','chq_alias','',0,'chq_nombre','Alias= chq_alias,activo=Activo,Modifico=(select us_nombre from usuario where us_id =Chequera.modifico)','')
INSERT INTO Tabla (tbl_id,tbl_nombre,tbl_nombrefisico,tbl_campoId,tbl_campoAlias,tbl_sqlHelp,tbl_tieneArbol,tbl_campoNombre,tbl_camposInView,tbl_where)VALUES (23,'Clearing','Clearing','cle_id','cle_alias','',0,'cle_nombre','Alias=cle_alias,activo=Activo,Modifico=(select us_nombre from usuario where us_id =Clearing.modifico)','')
INSERT INTO Tabla (tbl_id,tbl_nombre,tbl_nombrefisico,tbl_campoId,tbl_campoAlias,tbl_sqlHelp,tbl_tieneArbol,tbl_campoNombre,tbl_camposInView,tbl_where)VALUES (24,'ReglaLiquidacion','ReglaLiquidacion','rel_id','rel_alias','',0,'rel_nombre','Alias= rel_alias,activo=Activo,Modifico=(select us_nombre from usuario where us_id =ReglaLiquidacion.modifico)','')
INSERT INTO Tabla (tbl_id,tbl_nombre,tbl_nombrefisico,tbl_campoId,tbl_campoAlias,tbl_sqlHelp,tbl_tieneArbol,tbl_campoNombre,tbl_camposInView,tbl_where)VALUES (25,'Cobrador','Cobrador','cob_id','cob_alias','',0,'cob_nombre','Alias= cob_alias,activo=Activo,Modifico=(select us_nombre from usuario where us_id =Cobrador.modifico)','')
INSERT INTO Tabla (tbl_id,tbl_nombre,tbl_nombrefisico,tbl_campoId,tbl_campoAlias,tbl_sqlHelp,tbl_tieneArbol,tbl_campoNombre,tbl_camposInView,tbl_where)VALUES (26,'IngresosBrutosCategoria','IngresosBrutosCategoria','ibc_id','ibc_alias','',0,'ibc_nombre','Alias= ibc_alias,activo=Activo,Modifico=(select us_nombre from usuario where us_id =IngresosBrutosCategoria.modifico)','')
INSERT INTO Tabla (tbl_id,tbl_nombre,tbl_nombrefisico,tbl_campoId,tbl_campoAlias,tbl_sqlHelp,tbl_tieneArbol,tbl_campoNombre,tbl_camposInView,tbl_where)VALUES (27,'ProductoLugar','ProductoLugar','prol_id','prol_alias','',0,'prol-nombre','Alias= prol_alias,activo=Activo,Modifico=(select us_nombre from usuario where us_id =ProductoLugar.modifico)','')
INSERT INTO Tabla (tbl_id,tbl_nombre,tbl_nombrefisico,tbl_campoId,tbl_campoAlias,tbl_sqlHelp,tbl_tieneArbol,tbl_campoNombre,tbl_camposInView,tbl_where)VALUES (28,'Cliente','Cliente','cli_id','cli_alias','',0,'cli_nombre','Alias= cli_alias,activo=Activo,Modifico=(select us_nombre from usuario where us_id =Cliente.modifico)','')
INSERT INTO Tabla (tbl_id,tbl_nombre,tbl_nombrefisico,tbl_campoId,tbl_campoAlias,tbl_sqlHelp,tbl_tieneArbol,tbl_campoNombre,tbl_camposInView,tbl_where)VALUES (29,'Proveedor','Proveedor','prov_id','prov_alias','',0,'prov_nombre','Alias= prov_alias,activo=Activo,Modifico=(select us_nombre from usuario where us_id =Proveedor.modifico)','')
GO
INSERT INTO Tabla (tbl_id,tbl_nombre,tbl_nombrefisico,tbl_campoId,tbl_campoAlias,tbl_sqlHelp,tbl_tieneArbol,tbl_campoNombre,tbl_camposInView,tbl_where)VALUES (30,'Producto','Producto','pr_id','pr_alias','',0,'pr_nombrecompra','Alias= pr_alias,activo=Activo,Modifico=(select us_nombre from usuario where us_id =Producto.modifico)','')
INSERT INTO Tabla (tbl_id,tbl_nombre,tbl_nombrefisico,tbl_campoId,tbl_campoAlias,tbl_sqlHelp,tbl_tieneArbol,tbl_campoNombre,tbl_camposInView,tbl_where)VALUES (31,'Productos de venta','Producto','pr_id','pr_alias','',0,'pr_nombreventa','Alias= pr_alias,activo=Activo,Modifico=(select us_nombre from usuario where us_id =Producto.modifico)','pr_sevende <> 0 and activo <> 0')
INSERT INTO Tabla (tbl_id,tbl_nombre,tbl_nombrefisico,tbl_campoId,tbl_campoAlias,tbl_sqlHelp,tbl_tieneArbol,tbl_campoNombre,tbl_camposInView,tbl_where)VALUES (32,'Productos de compra','Producto','pr_id','pr_alias','',0,'pr_nombrecompra','Alias= pr_alias,activo=Activo,Modifico=(select us_nombre from usuario where us_id =Producto.modifico)','pr_secompra <> 0 and activo <> 0')
INSERT INTO Tabla (tbl_id,tbl_nombre,tbl_nombrefisico,tbl_campoId,tbl_campoAlias,tbl_sqlHelp,tbl_tieneArbol,tbl_campoNombre,tbl_camposInView,tbl_where)VALUES (5,'Rubro','Rubro','rub_id','rub_alias','',0,'rub_nombre','Alias= rub_alias,activo=Activo,Modifico=(select us_nombre from usuario where us_id =rubro.modifico)','')

INSERT INTO Provincia (pro_id,pro_nombre,pro_alias,modificado,modifico,creado,activo)VALUES (31,'Buenos Aires','AIRES','19050531 00:00:00',1,'20010124 19:19:09',0)
INSERT INTO Provincia (pro_id,pro_nombre,pro_alias,modificado,modifico,creado,activo)VALUES (3,'Buenos Aires','BSAS','19050531 00:00:00',1,'20010123 00:50:59',1)
INSERT INTO Provincia (pro_id,pro_nombre,pro_alias,modificado,modifico,creado,activo)VALUES (21,'Cordoba','CB','19050531 00:00:00',1,'20010124 19:07:08',1)
INSERT INTO Provincia (pro_id,pro_nombre,pro_alias,modificado,modifico,creado,activo)VALUES (16,'Chaco','CH','19050531 00:00:00',1,'20010124 19:05:15',1)
INSERT INTO Provincia (pro_id,pro_nombre,pro_alias,modificado,modifico,creado,activo)VALUES (10,'Corrientes','CR','19050531 00:00:00',1,'20010124 00:27:59',0)
INSERT INTO Provincia (pro_id,pro_nombre,pro_alias,modificado,modifico,creado,activo)VALUES (17,'Catamarca','CT','19050531 00:00:00',1,'20010124 19:05:36',1)
GO
INSERT INTO Provincia (pro_id,pro_nombre,pro_alias,modificado,modifico,creado,activo)VALUES (11,'Entre Rios','ER','19050531 00:00:00',1,'20010124 00:28:16',1)
INSERT INTO Provincia (pro_id,pro_nombre,pro_alias,modificado,modifico,creado,activo)VALUES (15,'Formosa','FR','19050531 00:00:00',1,'20010124 19:05:02',1)
INSERT INTO Provincia (pro_id,pro_nombre,pro_alias,modificado,modifico,creado,activo)VALUES (13,'Jujuy','JJ','19050531 00:00:00',1,'20010124 19:04:13',1)
INSERT INTO Provincia (pro_id,pro_nombre,pro_alias,modificado,modifico,creado,activo)VALUES (12,'La Pampa','LP','19050531 00:00:00',1,'20010124 00:30:45',1)
INSERT INTO Provincia (pro_id,pro_nombre,pro_alias,modificado,modifico,creado,activo)VALUES (20,'La Rioja','LR','19050531 00:00:00',1,'20010124 19:06:46',1)
INSERT INTO Provincia (pro_id,pro_nombre,pro_alias,modificado,modifico,creado,activo)VALUES (9,'Misiones','MS','19050531 00:00:00',1,'20010124 00:27:43',1)
INSERT INTO Provincia (pro_id,pro_nombre,pro_alias,modificado,modifico,creado,activo)VALUES (24,'Mendoza','MZA','19050531 00:00:00',1,'20010124 19:08:12',1)
INSERT INTO Provincia (pro_id,pro_nombre,pro_alias,modificado,modifico,creado,activo)VALUES (8,'Neuquen donde vive el tio','NQ','19050619 00:00:00',1,'20010124 00:25:58',1)
INSERT INTO Provincia (pro_id,pro_nombre,pro_alias,modificado,modifico,creado,activo)VALUES (26,'Rio Negro','RN','19050531 00:00:00',1,'20010124 19:10:11',1)
INSERT INTO Provincia (pro_id,pro_nombre,pro_alias,modificado,modifico,creado,activo)VALUES (29,'Santa Cruz','SC','19050531 00:00:00',1,'20010124 19:11:03',1)
GO
INSERT INTO Provincia (pro_id,pro_nombre,pro_alias,modificado,modifico,creado,activo)VALUES (19,'Santiago del Estero','SE','19050531 00:00:00',1,'20010124 19:06:11',1)
INSERT INTO Provincia (pro_id,pro_nombre,pro_alias,modificado,modifico,creado,activo)VALUES (22,'San Juan','SJ','19050531 00:00:00',1,'20010124 19:07:30',1)
INSERT INTO Provincia (pro_id,pro_nombre,pro_alias,modificado,modifico,creado,activo)VALUES (23,'San Luis','SL','19050531 00:00:00',1,'20010124 19:07:48',1)
INSERT INTO Provincia (pro_id,pro_nombre,pro_alias,modificado,modifico,creado,activo)VALUES (14,'Salta','ST','19050531 00:00:00',1,'20010124 19:04:46',1)
INSERT INTO Provincia (pro_id,pro_nombre,pro_alias,modificado,modifico,creado,activo)VALUES (18,'Tucuman','TC','19050531 00:00:00',1,'20010124 19:05:50',1)
INSERT INTO Provincia (pro_id,pro_nombre,pro_alias,modificado,modifico,creado,activo)VALUES (30,'Tierra del Fuego','TF','19050531 00:00:00',1,'20010124 19:11:21',1)

INSERT INTO TasaImpositiva (ti_id,ti_nombre,ti_alias,ti_porcentaje,creado,modificado,modifico,activo)VALUES (3,'IVA 10.5','IVA105',10.5,'20010703 10:32:51','19050615 00:00:00',1,1)
INSERT INTO TasaImpositiva (ti_id,ti_nombre,ti_alias,ti_porcentaje,creado,modificado,modifico,activo)VALUES (2,'IVA 21','IVA21',21,'20010129 22:37:59','19050609 00:00:00',1,1)

INSERT INTO Arbol (arb_id,arb_nombre,modificado,creado,tbl_Id,modifico)VALUES (29,'permisos','20000629 22:41:26','20000629 22:41:26',4,1)
INSERT INTO Arbol (arb_id,arb_nombre,modificado,creado,tbl_Id,modifico)VALUES (31,'Roles','20000629 23:54:19','20000629 23:54:19',2,1)
GO
INSERT INTO Arbol (arb_id,arb_nombre,modificado,creado,tbl_Id,modifico)VALUES (63,'Clearing','20020321 08:48:58','20020321 08:48:58',23,1)
INSERT INTO Arbol (arb_id,arb_nombre,modificado,creado,tbl_Id,modifico)VALUES (33,'Provincias','20010119 00:31:22','20010119 00:31:22',6,1)
INSERT INTO Arbol (arb_id,arb_nombre,modificado,creado,tbl_Id,modifico)VALUES (27,'Usuarios','20000528 13:33:33','20000528 13:33:33',3,1)
INSERT INTO Arbol (arb_id,arb_nombre,modificado,creado,tbl_Id,modifico)VALUES (36,'Unidades','20010125 22:23:44','20010125 22:23:44',7,1)
INSERT INTO Arbol (arb_id,arb_nombre,modificado,creado,tbl_Id,modifico)VALUES (37,'Zonas','20010127 01:10:23','20010127 01:10:23',8,1)
INSERT INTO Arbol (arb_id,arb_nombre,modificado,creado,tbl_Id,modifico)VALUES (39,'Tasas Impositivas','20010128 21:31:38','20010128 21:31:38',9,1)
INSERT INTO Arbol (arb_id,arb_nombre,modificado,creado,tbl_Id,modifico)VALUES (40,'Depósitos','20010130 23:19:16','20010130 23:19:16',10,1)
INSERT INTO Arbol (arb_id,arb_nombre,modificado,creado,tbl_Id,modifico)VALUES (41,'Depósito L','20010130 23:22:43','20010130 23:22:43',11,1)
INSERT INTO Arbol (arb_id,arb_nombre,modificado,creado,tbl_Id,modifico)VALUES (42,'Sucursales','20010131 20:23:34','20010131 20:23:34',14,1)
INSERT INTO Arbol (arb_id,arb_nombre,modificado,creado,tbl_Id,modifico)VALUES (43,'Bancos','20010131 21:02:11','20010131 21:02:11',13,1)
GO
INSERT INTO Arbol (arb_id,arb_nombre,modificado,creado,tbl_Id,modifico)VALUES (44,'Vendedores','20010131 21:14:09','20010131 21:14:09',15,1)
INSERT INTO Arbol (arb_id,arb_nombre,modificado,creado,tbl_Id,modifico)VALUES (45,'Monedas','20010131 21:25:33','20010131 21:25:33',12,1)
INSERT INTO Arbol (arb_id,arb_nombre,modificado,creado,tbl_Id,modifico)VALUES (47,'Tarjetas Nacionales','20010201 11:27:10','20010201 11:27:10',16,1)
INSERT INTO Arbol (arb_id,arb_nombre,modificado,creado,tbl_Id,modifico)VALUES (60,'Productos','20010625 23:08:59','20010625 23:08:59',30,1)
INSERT INTO Arbol (arb_id,arb_nombre,modificado,creado,tbl_Id,modifico)VALUES (51,'Leyenda Factura','20010205 21:12:37','20010205 21:12:37',20,1)
INSERT INTO Arbol (arb_id,arb_nombre,modificado,creado,tbl_Id,modifico)VALUES (52,'Centro de Costos','20010207 15:58:48','20010207 15:58:48',21,1)
INSERT INTO Arbol (arb_id,arb_nombre,modificado,creado,tbl_Id,modifico)VALUES (53,'Cobradores','20010208 08:52:01','20010208 08:52:01',25,1)
INSERT INTO Arbol (arb_id,arb_nombre,modificado,creado,tbl_Id,modifico)VALUES (54,'Reglas de Liquidacion','20010208 10:05:11','20010208 10:05:11',24,1)
INSERT INTO Arbol (arb_id,arb_nombre,modificado,creado,tbl_Id,modifico)VALUES (56,'Plan de Cuenta','20010212 13:50:48','20010212 13:50:48',17,1)
INSERT INTO Arbol (arb_id,arb_nombre,modificado,creado,tbl_Id,modifico)VALUES (57,'Futuros Clientes','20010214 17:22:25','20010214 17:22:25',28,1)
GO
INSERT INTO Arbol (arb_id,arb_nombre,modificado,creado,tbl_Id,modifico)VALUES (58,'Proveedores Posta','20010214 17:26:26','20010214 17:26:26',29,1)
INSERT INTO Arbol (arb_id,arb_nombre,modificado,creado,tbl_Id,modifico)VALUES (61,'Rubro','20020317 15:11:25','20020317 15:11:25',5,1)
INSERT INTO Arbol (arb_id,arb_nombre,modificado,creado,tbl_Id,modifico)VALUES (62,'Escalas','20020317 15:58:34','20020317 15:58:34',33,1)
INSERT INTO Arbol (arb_id,arb_nombre,modificado,creado,tbl_Id,modifico)VALUES (1,'Prestaciones','20000323 00:00:00','20000323 00:00:00',1,1)

INSERT INTO Rama (ram_id,ram_nombre,arb_id,modificado,creado,modifico,ram_id_padre,ram_orden)VALUES (0,'',1,'20000323 00:00:00','20000323 00:00:00',1,0,0)
INSERT INTO Rama (ram_id,ram_nombre,arb_id,modificado,creado,modifico,ram_id_padre,ram_orden)VALUES (1,'Prestaciones',1,'20000323 00:00:00','20000323 00:00:00',1,0,0)
INSERT INTO Rama (ram_id,ram_nombre,arb_id,modificado,creado,modifico,ram_id_padre,ram_orden)VALUES (476,'permisos',29,'20000629 22:41:26','20000629 22:41:26',1,0,4)
INSERT INTO Rama (ram_id,ram_nombre,arb_id,modificado,creado,modifico,ram_id_padre,ram_orden)VALUES (596,'Clearing',63,'20020321 08:48:58','20020321 08:48:58',1,0,0)
INSERT INTO Rama (ram_id,ram_nombre,arb_id,modificado,creado,modifico,ram_id_padre,ram_orden)VALUES (484,'Provincias',33,'20010119 00:31:22','20010119 00:31:22',1,0,10)
INSERT INTO Rama (ram_id,ram_nombre,arb_id,modificado,creado,modifico,ram_id_padre,ram_orden)VALUES (494,'Unidades',36,'20010125 22:23:44','20010125 22:23:44',1,0,20)
GO
INSERT INTO Rama (ram_id,ram_nombre,arb_id,modificado,creado,modifico,ram_id_padre,ram_orden)VALUES (495,'Zonas',37,'20010127 01:10:24','20010127 01:10:24',1,0,21)
INSERT INTO Rama (ram_id,ram_nombre,arb_id,modificado,creado,modifico,ram_id_padre,ram_orden)VALUES (501,'Tasas Impositivas',39,'20010128 21:31:38','20010128 21:31:38',1,0,27)
INSERT INTO Rama (ram_id,ram_nombre,arb_id,modificado,creado,modifico,ram_id_padre,ram_orden)VALUES (503,'Depósitos',40,'20010130 23:19:17','20010130 23:19:17',1,0,29)
INSERT INTO Rama (ram_id,ram_nombre,arb_id,modificado,creado,modifico,ram_id_padre,ram_orden)VALUES (504,'Depósito L',41,'20010130 23:22:43','20010130 23:22:43',1,0,30)
INSERT INTO Rama (ram_id,ram_nombre,arb_id,modificado,creado,modifico,ram_id_padre,ram_orden)VALUES (506,'Sucursales',42,'20010131 20:23:34','20010131 20:23:34',1,0,32)
INSERT INTO Rama (ram_id,ram_nombre,arb_id,modificado,creado,modifico,ram_id_padre,ram_orden)VALUES (508,'Bancos',43,'20010131 21:02:11','20010131 21:02:11',1,0,34)
INSERT INTO Rama (ram_id,ram_nombre,arb_id,modificado,creado,modifico,ram_id_padre,ram_orden)VALUES (509,'Vendedores',44,'20010131 21:14:09','20010131 21:14:09',1,0,35)
INSERT INTO Rama (ram_id,ram_nombre,arb_id,modificado,creado,modifico,ram_id_padre,ram_orden)VALUES (519,'Tarjetas Nacionales',47,'20010201 11:27:10','20010201 11:27:10',1,0,43)
INSERT INTO Rama (ram_id,ram_nombre,arb_id,modificado,creado,modifico,ram_id_padre,ram_orden)VALUES (530,'Leyenda Factura',51,'20010205 21:12:37','20010205 21:12:37',1,0,49)
INSERT INTO Rama (ram_id,ram_nombre,arb_id,modificado,creado,modifico,ram_id_padre,ram_orden)VALUES (532,'Centro de Costos',52,'20010207 15:58:48','20010207 15:58:48',1,0,51)
GO
INSERT INTO Rama (ram_id,ram_nombre,arb_id,modificado,creado,modifico,ram_id_padre,ram_orden)VALUES (534,'Cobradores',53,'20010208 08:52:02','20010208 08:52:02',1,0,53)
INSERT INTO Rama (ram_id,ram_nombre,arb_id,modificado,creado,modifico,ram_id_padre,ram_orden)VALUES (536,'Reglas de Liquidacion',54,'20010208 10:05:11','20010208 10:05:11',1,0,55)
INSERT INTO Rama (ram_id,ram_nombre,arb_id,modificado,creado,modifico,ram_id_padre,ram_orden)VALUES (538,'Plan de Cuenta',56,'20010212 13:50:48','20010212 13:50:48',1,0,57)
INSERT INTO Rama (ram_id,ram_nombre,arb_id,modificado,creado,modifico,ram_id_padre,ram_orden)VALUES (554,'Futuros Clientes',57,'20010214 17:22:25','20010214 17:22:25',1,0,73)
INSERT INTO Rama (ram_id,ram_nombre,arb_id,modificado,creado,modifico,ram_id_padre,ram_orden)VALUES (555,'Proveedores Posta',58,'20010214 17:26:26','20010214 17:26:26',1,0,74)
INSERT INTO Rama (ram_id,ram_nombre,arb_id,modificado,creado,modifico,ram_id_padre,ram_orden)VALUES (481,'Roles',31,'20000629 23:54:19','20000629 23:54:19',1,0,7)
INSERT INTO Rama (ram_id,ram_nombre,arb_id,modificado,creado,modifico,ram_id_padre,ram_orden)VALUES (429,'Usuarios',27,'20000528 13:33:33','20000528 13:33:33',1,0,1)
INSERT INTO Rama (ram_id,ram_nombre,arb_id,modificado,creado,modifico,ram_id_padre,ram_orden)VALUES (512,'Monedas',45,'20010131 21:25:33','20010131 21:25:33',1,0,38)
INSERT INTO Rama (ram_id,ram_nombre,arb_id,modificado,creado,modifico,ram_id_padre,ram_orden)VALUES (589,'Productos',60,'20010625 23:09:00','20010625 23:09:00',1,0,0)
INSERT INTO Rama (ram_id,ram_nombre,arb_id,modificado,creado,modifico,ram_id_padre,ram_orden)VALUES (591,'Rubro',61,'20020317 15:11:25','20020317 15:11:25',1,0,0)
GO
INSERT INTO Rama (ram_id,ram_nombre,arb_id,modificado,creado,modifico,ram_id_padre,ram_orden)VALUES (593,'Escalas',62,'20020317 15:58:34','20020317 15:58:34',1,0,0)
INSERT INTO Rama (ram_id,ram_nombre,arb_id,modificado,creado,modifico,ram_id_padre,ram_orden)VALUES (516,'Definición de permisos',1,'20010201 08:09:00','20010201 08:09:00',1,1,41)
INSERT INTO Rama (ram_id,ram_nombre,arb_id,modificado,creado,modifico,ram_id_padre,ram_orden)VALUES (517,'Empresa',1,'20010201 08:10:38','20010201 08:10:38',1,1,42)
INSERT INTO Rama (ram_id,ram_nombre,arb_id,modificado,creado,modifico,ram_id_padre,ram_orden)VALUES (583,'Productos',1,'20010625 23:04:49','20010625 23:04:49',1,1,44)
INSERT INTO Rama (ram_id,ram_nombre,arb_id,modificado,creado,modifico,ram_id_padre,ram_orden)VALUES (587,'Compras',1,'20010625 23:06:12','20010625 23:06:12',1,1,45)
INSERT INTO Rama (ram_id,ram_nombre,arb_id,modificado,creado,modifico,ram_id_padre,ram_orden)VALUES (582,'Contabilidad',1,'20010625 23:04:26','20010625 23:04:26',1,1,43)
INSERT INTO Rama (ram_id,ram_nombre,arb_id,modificado,creado,modifico,ram_id_padre,ram_orden)VALUES (513,'Tesoreria',1,'20010201 08:05:51','20010201 08:05:51',1,1,39)
INSERT INTO Rama (ram_id,ram_nombre,arb_id,modificado,creado,modifico,ram_id_padre,ram_orden)VALUES (502,'Stock',1,'20010130 23:16:34','20010130 23:16:34',1,1,28)
INSERT INTO Rama (ram_id,ram_nombre,arb_id,modificado,creado,modifico,ram_id_padre,ram_orden)VALUES (499,'Ventas',1,'20010128 13:52:56','20010128 13:52:56',1,1,25)
INSERT INTO Rama (ram_id,ram_nombre,arb_id,modificado,creado,modifico,ram_id_padre,ram_orden)VALUES (496,'General',1,'20010127 16:35:09','20010127 16:35:09',1,1,22)
GO
INSERT INTO Rama (ram_id,ram_nombre,arb_id,modificado,creado,modifico,ram_id_padre,ram_orden)VALUES (482,'Arboles',1,'20000924 17:09:16','20000924 17:09:16',1,1,8)
INSERT INTO Rama (ram_id,ram_nombre,arb_id,modificado,creado,modifico,ram_id_padre,ram_orden)VALUES (595,'Supervisores',27,'20020320 18:32:24','20020320 18:32:24',1,429,1)
INSERT INTO Rama (ram_id,ram_nombre,arb_id,modificado,creado,modifico,ram_id_padre,ram_orden)VALUES (493,'Patagonia',33,'20010124 00:29:12','20010124 00:29:12',1,484,18)
INSERT INTO Rama (ram_id,ram_nombre,arb_id,modificado,creado,modifico,ram_id_padre,ram_orden)VALUES (491,'Pampena',33,'20010123 01:02:18','20010123 01:02:18',1,484,17)
INSERT INTO Rama (ram_id,ram_nombre,arb_id,modificado,creado,modifico,ram_id_padre,ram_orden)VALUES (492,'Mesopotamia',33,'20010124 00:26:51','20010124 00:26:51',1,484,19)
INSERT INTO Rama (ram_id,ram_nombre,arb_id,modificado,creado,modifico,ram_id_padre,ram_orden)VALUES (497,'Provincias',1,'20010127 16:35:29','20010127 16:35:29',1,496,23)
INSERT INTO Rama (ram_id,ram_nombre,arb_id,modificado,creado,modifico,ram_id_padre,ram_orden)VALUES (498,'Zonas',1,'20010128 13:52:35','20010128 13:52:35',1,499,24)
INSERT INTO Rama (ram_id,ram_nombre,arb_id,modificado,creado,modifico,ram_id_padre,ram_orden)VALUES (505,'Sucursales',1,'20010131 20:22:33','20010131 20:22:33',1,499,31)
INSERT INTO Rama (ram_id,ram_nombre,arb_id,modificado,creado,modifico,ram_id_padre,ram_orden)VALUES (510,'Vendedores',1,'20010131 21:14:50','20010131 21:14:50',1,499,36)
INSERT INTO Rama (ram_id,ram_nombre,arb_id,modificado,creado,modifico,ram_id_padre,ram_orden)VALUES (586,'Clientes',1,'20010625 23:05:50','20010625 23:05:50',1,499,55)
GO
INSERT INTO Rama (ram_id,ram_nombre,arb_id,modificado,creado,modifico,ram_id_padre,ram_orden)VALUES (535,'Reglas de Liquidacion',1,'20010208 10:04:04','20010208 10:04:04',1,499,54)
INSERT INTO Rama (ram_id,ram_nombre,arb_id,modificado,creado,modifico,ram_id_padre,ram_orden)VALUES (533,'cobradores',1,'20010208 08:50:31','20010208 08:50:31',1,499,52)
INSERT INTO Rama (ram_id,ram_nombre,arb_id,modificado,creado,modifico,ram_id_padre,ram_orden)VALUES (531,'Centro de Costo',1,'20010207 15:57:56','20010207 15:57:56',1,513,50)
INSERT INTO Rama (ram_id,ram_nombre,arb_id,modificado,creado,modifico,ram_id_padre,ram_orden)VALUES (511,'Monedas',1,'20010131 21:24:20','20010131 21:24:20',1,513,37)
INSERT INTO Rama (ram_id,ram_nombre,arb_id,modificado,creado,modifico,ram_id_padre,ram_orden)VALUES (529,'Leyenda',1,'20010205 21:10:32','20010205 21:10:32',1,513,48)
INSERT INTO Rama (ram_id,ram_nombre,arb_id,modificado,creado,modifico,ram_id_padre,ram_orden)VALUES (514,'Tarjetas de crédito',1,'20010201 08:07:16','20010201 08:07:16',1,513,40)
INSERT INTO Rama (ram_id,ram_nombre,arb_id,modificado,creado,modifico,ram_id_padre,ram_orden)VALUES (520,'Cuentas',1,'20010203 19:52:14','20010203 19:52:14',1,513,44)
INSERT INTO Rama (ram_id,ram_nombre,arb_id,modificado,creado,modifico,ram_id_padre,ram_orden)VALUES (507,'Bancos',1,'20010131 21:00:45','20010131 21:00:45',1,513,33)
INSERT INTO Rama (ram_id,ram_nombre,arb_id,modificado,creado,modifico,ram_id_padre,ram_orden)VALUES (478,'Usuarios',1,'20000629 22:49:37','20000629 22:49:37',1,517,5)
INSERT INTO Rama (ram_id,ram_nombre,arb_id,modificado,creado,modifico,ram_id_padre,ram_orden)VALUES (479,'Roles',1,'20000629 22:49:43','20000629 22:49:43',1,517,6)
GO
INSERT INTO Rama (ram_id,ram_nombre,arb_id,modificado,creado,modifico,ram_id_padre,ram_orden)VALUES (539,'Activo',56,'20010212 13:52:15','20010212 13:52:15',1,538,58)
INSERT INTO Rama (ram_id,ram_nombre,arb_id,modificado,creado,modifico,ram_id_padre,ram_orden)VALUES (540,'Pasivo',56,'20010212 13:52:26','20010212 13:52:26',1,538,59)
INSERT INTO Rama (ram_id,ram_nombre,arb_id,modificado,creado,modifico,ram_id_padre,ram_orden)VALUES (541,'Ingresos',56,'20010212 13:52:43','20010212 13:52:43',1,538,60)
INSERT INTO Rama (ram_id,ram_nombre,arb_id,modificado,creado,modifico,ram_id_padre,ram_orden)VALUES (542,'Egresos',56,'20010212 13:53:40','20010212 13:53:40',1,538,61)
INSERT INTO Rama (ram_id,ram_nombre,arb_id,modificado,creado,modifico,ram_id_padre,ram_orden)VALUES (543,'Patrimoniales',56,'20010212 13:53:56','20010212 13:53:56',1,538,62)
INSERT INTO Rama (ram_id,ram_nombre,arb_id,modificado,creado,modifico,ram_id_padre,ram_orden)VALUES (544,'Disponibilidades',56,'20010212 13:55:56','20010212 13:55:56',1,539,63)
INSERT INTO Rama (ram_id,ram_nombre,arb_id,modificado,creado,modifico,ram_id_padre,ram_orden)VALUES (545,'Deudores por Venta',56,'20010212 13:56:19','20010212 13:56:19',1,539,64)
INSERT INTO Rama (ram_id,ram_nombre,arb_id,modificado,creado,modifico,ram_id_padre,ram_orden)VALUES (546,'Bienes de Uso',56,'20010212 13:56:33','20010212 13:56:33',1,539,65)
INSERT INTO Rama (ram_id,ram_nombre,arb_id,modificado,creado,modifico,ram_id_padre,ram_orden)VALUES (551,'Acreedores por Compra',56,'20010212 14:01:47','20010212 14:01:47',1,540,70)
INSERT INTO Rama (ram_id,ram_nombre,arb_id,modificado,creado,modifico,ram_id_padre,ram_orden)VALUES (552,'Cuentas Fiscales',56,'20010212 14:02:03','20010212 14:02:03',1,540,71)
GO
INSERT INTO Rama (ram_id,ram_nombre,arb_id,modificado,creado,modifico,ram_id_padre,ram_orden)VALUES (553,'Costos de Mercaderia Vendida',56,'20010212 14:02:55','20010212 14:02:55',1,542,72)
INSERT INTO Rama (ram_id,ram_nombre,arb_id,modificado,creado,modifico,ram_id_padre,ram_orden)VALUES (549,'Caja',56,'20010212 13:59:14','20010212 13:59:14',1,544,66)
INSERT INTO Rama (ram_id,ram_nombre,arb_id,modificado,creado,modifico,ram_id_padre,ram_orden)VALUES (550,'Documentos en Cartera',56,'20010212 13:59:41','20010212 13:59:41',1,544,69)
INSERT INTO Rama (ram_id,ram_nombre,arb_id,modificado,creado,modifico,ram_id_padre,ram_orden)VALUES (547,'Bienes de Cambio',56,'20010212 13:58:49','20010212 13:58:49',1,544,67)
INSERT INTO Rama (ram_id,ram_nombre,arb_id,modificado,creado,modifico,ram_id_padre,ram_orden)VALUES (548,'Bancos',56,'20010212 13:59:02','20010212 13:59:02',1,544,68)
INSERT INTO Rama (ram_id,ram_nombre,arb_id,modificado,creado,modifico,ram_id_padre,ram_orden)VALUES (584,'Unidades',1,'20010625 23:04:58','20010625 23:04:58',1,583,1)
INSERT INTO Rama (ram_id,ram_nombre,arb_id,modificado,creado,modifico,ram_id_padre,ram_orden)VALUES (590,'Rubros',1,'20020317 15:08:10','20020317 15:08:10',1,583,2)
INSERT INTO Rama (ram_id,ram_nombre,arb_id,modificado,creado,modifico,ram_id_padre,ram_orden)VALUES (592,'Escalas',1,'20020317 15:56:59','20020317 15:56:59',1,583,3)
INSERT INTO Rama (ram_id,ram_nombre,arb_id,modificado,creado,modifico,ram_id_padre,ram_orden)VALUES (588,'Proveedores',1,'20010625 23:06:23','20010625 23:06:23',1,587,1)

INSERT INTO Hoja (hoja_id,id,modificado,creado,modifico,ram_id,arb_id)VALUES (2009,12,'20020320 08:00:26','20020320 08:00:26',1,481,31)
GO
INSERT INTO Hoja (hoja_id,id,modificado,creado,modifico,ram_id,arb_id)VALUES (2010,7,'20020320 18:33:14','20020320 18:33:14',1,595,27)
INSERT INTO Hoja (hoja_id,id,modificado,creado,modifico,ram_id,arb_id)VALUES (2011,121,'20020320 18:52:43','20020320 18:52:43',1,549,56)
INSERT INTO Hoja (hoja_id,id,modificado,creado,modifico,ram_id,arb_id)VALUES (862,8,'20000924 16:59:31','20000924 16:59:31',1,516,1)
INSERT INTO Hoja (hoja_id,id,modificado,creado,modifico,ram_id,arb_id)VALUES (864,10,'20000924 17:10:31','20000924 17:10:31',1,478,1)
INSERT INTO Hoja (hoja_id,id,modificado,creado,modifico,ram_id,arb_id)VALUES (866,12,'20000924 17:10:31','20000924 17:10:31',1,478,1)
INSERT INTO Hoja (hoja_id,id,modificado,creado,modifico,ram_id,arb_id)VALUES (2015,125,'20020320 18:59:05','20020320 18:59:05',1,551,56)
INSERT INTO Hoja (hoja_id,id,modificado,creado,modifico,ram_id,arb_id)VALUES (2023,2,'20020320 19:31:29','20020320 19:31:29',1,593,62)
INSERT INTO Hoja (hoja_id,id,modificado,creado,modifico,ram_id,arb_id)VALUES (889,8,'20010124 00:26:06','20010124 00:26:06',1,493,33)
INSERT INTO Hoja (hoja_id,id,modificado,creado,modifico,ram_id,arb_id)VALUES (890,9,'20010124 00:27:44','20010124 00:27:44',1,492,33)
INSERT INTO Hoja (hoja_id,id,modificado,creado,modifico,ram_id,arb_id)VALUES (891,10,'20010124 00:28:01','20010124 00:28:01',1,492,33)
GO
INSERT INTO Hoja (hoja_id,id,modificado,creado,modifico,ram_id,arb_id)VALUES (893,6,'20010124 00:29:23','20010124 00:29:23',1,493,33)
INSERT INTO Hoja (hoja_id,id,modificado,creado,modifico,ram_id,arb_id)VALUES (894,3,'20010124 00:30:13','20010124 00:30:13',1,491,33)
INSERT INTO Hoja (hoja_id,id,modificado,creado,modifico,ram_id,arb_id)VALUES (895,12,'20010124 00:30:46','20010124 00:30:46',1,491,33)
INSERT INTO Hoja (hoja_id,id,modificado,creado,modifico,ram_id,arb_id)VALUES (896,13,'20010124 19:04:14','20010124 19:04:14',1,484,33)
INSERT INTO Hoja (hoja_id,id,modificado,creado,modifico,ram_id,arb_id)VALUES (897,14,'20010124 19:04:48','20010124 19:04:48',1,484,33)
INSERT INTO Hoja (hoja_id,id,modificado,creado,modifico,ram_id,arb_id)VALUES (898,15,'20010124 19:05:03','20010124 19:05:03',1,484,33)
INSERT INTO Hoja (hoja_id,id,modificado,creado,modifico,ram_id,arb_id)VALUES (899,16,'20010124 19:05:16','20010124 19:05:16',1,484,33)
INSERT INTO Hoja (hoja_id,id,modificado,creado,modifico,ram_id,arb_id)VALUES (900,17,'20010124 19:05:38','20010124 19:05:38',1,484,33)
INSERT INTO Hoja (hoja_id,id,modificado,creado,modifico,ram_id,arb_id)VALUES (901,18,'20010124 19:05:51','20010124 19:05:51',1,484,33)
INSERT INTO Hoja (hoja_id,id,modificado,creado,modifico,ram_id,arb_id)VALUES (902,19,'20010124 19:06:12','20010124 19:06:12',1,484,33)
GO
INSERT INTO Hoja (hoja_id,id,modificado,creado,modifico,ram_id,arb_id)VALUES (903,20,'20010124 19:06:47','20010124 19:06:47',1,484,33)
INSERT INTO Hoja (hoja_id,id,modificado,creado,modifico,ram_id,arb_id)VALUES (904,21,'20010124 19:07:09','20010124 19:07:09',1,484,33)
INSERT INTO Hoja (hoja_id,id,modificado,creado,modifico,ram_id,arb_id)VALUES (905,22,'20010124 19:07:31','20010124 19:07:31',1,484,33)
INSERT INTO Hoja (hoja_id,id,modificado,creado,modifico,ram_id,arb_id)VALUES (906,23,'20010124 19:07:49','20010124 19:07:49',1,484,33)
INSERT INTO Hoja (hoja_id,id,modificado,creado,modifico,ram_id,arb_id)VALUES (907,24,'20010124 19:08:14','20010124 19:08:14',1,484,33)
INSERT INTO Hoja (hoja_id,id,modificado,creado,modifico,ram_id,arb_id)VALUES (909,29,'20010124 19:11:05','20010124 19:11:05',1,484,33)
INSERT INTO Hoja (hoja_id,id,modificado,creado,modifico,ram_id,arb_id)VALUES (911,31,'20010124 19:19:19','20010124 19:19:19',1,484,33)
INSERT INTO Hoja (hoja_id,id,modificado,creado,modifico,ram_id,arb_id)VALUES (912,33,'20010124 19:21:06','20010124 19:21:06',1,484,33)
INSERT INTO Hoja (hoja_id,id,modificado,creado,modifico,ram_id,arb_id)VALUES (913,1,'20010125 22:26:45','20010125 22:26:45',1,494,36)
INSERT INTO Hoja (hoja_id,id,modificado,creado,modifico,ram_id,arb_id)VALUES (914,1,'20010127 01:11:41','20010127 01:11:41',1,495,37)
GO
INSERT INTO Hoja (hoja_id,id,modificado,creado,modifico,ram_id,arb_id)VALUES (915,2,'20010127 15:41:09','20010127 15:41:09',1,495,37)
INSERT INTO Hoja (hoja_id,id,modificado,creado,modifico,ram_id,arb_id)VALUES (916,3,'20010127 15:55:24','20010127 15:55:24',1,495,37)
INSERT INTO Hoja (hoja_id,id,modificado,creado,modifico,ram_id,arb_id)VALUES (917,1000,'20010127 16:35:36','20010127 16:35:36',1,497,1)
INSERT INTO Hoja (hoja_id,id,modificado,creado,modifico,ram_id,arb_id)VALUES (918,1001,'20010127 16:35:36','20010127 16:35:36',1,497,1)
INSERT INTO Hoja (hoja_id,id,modificado,creado,modifico,ram_id,arb_id)VALUES (919,1002,'20010127 16:35:36','20010127 16:35:36',1,497,1)
INSERT INTO Hoja (hoja_id,id,modificado,creado,modifico,ram_id,arb_id)VALUES (920,1003,'20010127 18:52:42','20010127 18:52:42',1,497,1)
INSERT INTO Hoja (hoja_id,id,modificado,creado,modifico,ram_id,arb_id)VALUES (921,1004,'20010128 13:53:14','20010128 13:53:14',1,498,1)
INSERT INTO Hoja (hoja_id,id,modificado,creado,modifico,ram_id,arb_id)VALUES (922,1005,'20010128 13:53:14','20010128 13:53:14',1,498,1)
INSERT INTO Hoja (hoja_id,id,modificado,creado,modifico,ram_id,arb_id)VALUES (923,1006,'20010128 13:53:14','20010128 13:53:14',1,498,1)
INSERT INTO Hoja (hoja_id,id,modificado,creado,modifico,ram_id,arb_id)VALUES (924,1007,'20010128 13:53:14','20010128 13:53:14',1,498,1)
GO
INSERT INTO Hoja (hoja_id,id,modificado,creado,modifico,ram_id,arb_id)VALUES (925,14,'20010128 13:53:30','20010128 13:53:30',1,479,1)
INSERT INTO Hoja (hoja_id,id,modificado,creado,modifico,ram_id,arb_id)VALUES (927,16,'20010128 13:53:30','20010128 13:53:30',1,479,1)
INSERT INTO Hoja (hoja_id,id,modificado,creado,modifico,ram_id,arb_id)VALUES (928,17,'20010128 13:53:30','20010128 13:53:30',1,479,1)
INSERT INTO Hoja (hoja_id,id,modificado,creado,modifico,ram_id,arb_id)VALUES (929,18,'20010128 13:53:33','20010128 13:53:33',1,516,1)
INSERT INTO Hoja (hoja_id,id,modificado,creado,modifico,ram_id,arb_id)VALUES (930,10,'20010128 14:13:24','20010128 14:13:24',1,481,31)
INSERT INTO Hoja (hoja_id,id,modificado,creado,modifico,ram_id,arb_id)VALUES (931,2,'20010129 22:38:01','20010129 22:38:01',1,501,39)
INSERT INTO Hoja (hoja_id,id,modificado,creado,modifico,ram_id,arb_id)VALUES (932,1012,'20010130 23:17:32','20010130 23:17:32',1,502,1)
INSERT INTO Hoja (hoja_id,id,modificado,creado,modifico,ram_id,arb_id)VALUES (933,1013,'20010130 23:17:32','20010130 23:17:32',1,502,1)
INSERT INTO Hoja (hoja_id,id,modificado,creado,modifico,ram_id,arb_id)VALUES (934,1014,'20010130 23:17:32','20010130 23:17:32',1,502,1)
INSERT INTO Hoja (hoja_id,id,modificado,creado,modifico,ram_id,arb_id)VALUES (937,1017,'20010130 23:17:32','20010130 23:17:32',1,502,1)
GO
INSERT INTO Hoja (hoja_id,id,modificado,creado,modifico,ram_id,arb_id)VALUES (938,1018,'20010130 23:17:32','20010130 23:17:32',1,502,1)
INSERT INTO Hoja (hoja_id,id,modificado,creado,modifico,ram_id,arb_id)VALUES (939,1019,'20010130 23:17:32','20010130 23:17:32',1,502,1)
INSERT INTO Hoja (hoja_id,id,modificado,creado,modifico,ram_id,arb_id)VALUES (940,1,'20010130 23:19:36','20010130 23:19:36',1,503,40)
INSERT INTO Hoja (hoja_id,id,modificado,creado,modifico,ram_id,arb_id)VALUES (941,2,'20010130 23:22:16','20010130 23:22:16',1,503,40)
INSERT INTO Hoja (hoja_id,id,modificado,creado,modifico,ram_id,arb_id)VALUES (942,5,'20010130 23:51:53','20010130 23:51:53',1,504,41)
INSERT INTO Hoja (hoja_id,id,modificado,creado,modifico,ram_id,arb_id)VALUES (943,1024,'20010131 20:22:43','20010131 20:22:43',1,505,1)
INSERT INTO Hoja (hoja_id,id,modificado,creado,modifico,ram_id,arb_id)VALUES (944,1025,'20010131 20:22:43','20010131 20:22:43',1,505,1)
INSERT INTO Hoja (hoja_id,id,modificado,creado,modifico,ram_id,arb_id)VALUES (945,1026,'20010131 20:22:43','20010131 20:22:43',1,505,1)
INSERT INTO Hoja (hoja_id,id,modificado,creado,modifico,ram_id,arb_id)VALUES (946,1027,'20010131 20:22:43','20010131 20:22:43',1,505,1)
INSERT INTO Hoja (hoja_id,id,modificado,creado,modifico,ram_id,arb_id)VALUES (947,1032,'20010131 21:00:56','20010131 21:00:56',1,507,1)
GO
INSERT INTO Hoja (hoja_id,id,modificado,creado,modifico,ram_id,arb_id)VALUES (948,1033,'20010131 21:00:56','20010131 21:00:56',1,507,1)
INSERT INTO Hoja (hoja_id,id,modificado,creado,modifico,ram_id,arb_id)VALUES (949,1034,'20010131 21:00:56','20010131 21:00:56',1,507,1)
INSERT INTO Hoja (hoja_id,id,modificado,creado,modifico,ram_id,arb_id)VALUES (951,2,'20010131 21:03:13','20010131 21:03:13',1,508,43)
INSERT INTO Hoja (hoja_id,id,modificado,creado,modifico,ram_id,arb_id)VALUES (954,1038,'20010131 21:15:01','20010131 21:15:01',1,510,1)
INSERT INTO Hoja (hoja_id,id,modificado,creado,modifico,ram_id,arb_id)VALUES (961,1,'20010201 07:53:25','20010201 07:53:25',1,506,42)
INSERT INTO Hoja (hoja_id,id,modificado,creado,modifico,ram_id,arb_id)VALUES (962,1040,'20010201 08:06:23','20010201 08:06:23',1,514,1)
INSERT INTO Hoja (hoja_id,id,modificado,creado,modifico,ram_id,arb_id)VALUES (963,1041,'20010201 08:06:23','20010201 08:06:23',1,514,1)
INSERT INTO Hoja (hoja_id,id,modificado,creado,modifico,ram_id,arb_id)VALUES (964,1042,'20010201 08:06:23','20010201 08:06:23',1,514,1)
INSERT INTO Hoja (hoja_id,id,modificado,creado,modifico,ram_id,arb_id)VALUES (965,1043,'20010201 08:06:23','20010201 08:06:23',1,514,1)
INSERT INTO Hoja (hoja_id,id,modificado,creado,modifico,ram_id,arb_id)VALUES (966,1,'20010201 08:14:03','20010201 08:14:03',1,509,44)
GO
INSERT INTO Hoja (hoja_id,id,modificado,creado,modifico,ram_id,arb_id)VALUES (967,1,'20010201 11:27:38','20010201 11:27:38',1,519,47)
INSERT INTO Hoja (hoja_id,id,modificado,creado,modifico,ram_id,arb_id)VALUES (968,2,'20010201 11:28:10','20010201 11:28:10',1,519,47)
INSERT INTO Hoja (hoja_id,id,modificado,creado,modifico,ram_id,arb_id)VALUES (969,3,'20010201 19:39:34','20010201 19:39:34',1,519,47)
INSERT INTO Hoja (hoja_id,id,modificado,creado,modifico,ram_id,arb_id)VALUES (970,1044,'20010203 19:52:26','20010203 19:52:26',1,520,1)
INSERT INTO Hoja (hoja_id,id,modificado,creado,modifico,ram_id,arb_id)VALUES (971,1045,'20010203 19:52:26','20010203 19:52:26',1,520,1)
INSERT INTO Hoja (hoja_id,id,modificado,creado,modifico,ram_id,arb_id)VALUES (1809,11,'20010204 12:54:16','20010204 12:54:16',1,481,31)
INSERT INTO Hoja (hoja_id,id,modificado,creado,modifico,ram_id,arb_id)VALUES (1811,3,'20010204 13:00:26','20010204 13:00:26',1,503,40)
INSERT INTO Hoja (hoja_id,id,modificado,creado,modifico,ram_id,arb_id)VALUES (1814,1048,'20010205 21:10:41','20010205 21:10:41',1,529,1)
INSERT INTO Hoja (hoja_id,id,modificado,creado,modifico,ram_id,arb_id)VALUES (1815,1049,'20010205 21:10:42','20010205 21:10:42',1,529,1)
INSERT INTO Hoja (hoja_id,id,modificado,creado,modifico,ram_id,arb_id)VALUES (1818,1052,'20010207 15:58:07','20010207 15:58:07',1,531,1)
GO
INSERT INTO Hoja (hoja_id,id,modificado,creado,modifico,ram_id,arb_id)VALUES (1819,1053,'20010207 15:58:08','20010207 15:58:08',1,531,1)
INSERT INTO Hoja (hoja_id,id,modificado,creado,modifico,ram_id,arb_id)VALUES (1823,2,'20010208 08:45:29','20010208 08:45:29',1,509,44)
INSERT INTO Hoja (hoja_id,id,modificado,creado,modifico,ram_id,arb_id)VALUES (1824,7,'20010208 08:46:24','20010208 08:46:24',1,532,52)
INSERT INTO Hoja (hoja_id,id,modificado,creado,modifico,ram_id,arb_id)VALUES (1831,1062,'20010208 10:04:20','20010208 10:04:20',1,535,1)
INSERT INTO Hoja (hoja_id,id,modificado,creado,modifico,ram_id,arb_id)VALUES (1833,5,'20010211 23:38:57','20010211 23:38:57',1,530,51)
INSERT INTO Hoja (hoja_id,id,modificado,creado,modifico,ram_id,arb_id)VALUES (1835,1,'20010214 17:22:58','20010214 17:22:58',1,554,57)
INSERT INTO Hoja (hoja_id,id,modificado,creado,modifico,ram_id,arb_id)VALUES (1836,2,'20010214 17:23:29','20010214 17:23:29',1,554,57)
INSERT INTO Hoja (hoja_id,id,modificado,creado,modifico,ram_id,arb_id)VALUES (1841,7,'20010306 08:58:19','20010306 08:58:19',1,538,56)
INSERT INTO Hoja (hoja_id,id,modificado,creado,modifico,ram_id,arb_id)VALUES (1842,8,'20010306 09:01:32','20010306 09:01:32',1,541,56)
INSERT INTO Hoja (hoja_id,id,modificado,creado,modifico,ram_id,arb_id)VALUES (1845,11,'20010306 09:06:07','20010306 09:06:07',1,541,56)
GO
INSERT INTO Hoja (hoja_id,id,modificado,creado,modifico,ram_id,arb_id)VALUES (1848,14,'20010306 09:08:55','20010306 09:08:55',1,541,56)
INSERT INTO Hoja (hoja_id,id,modificado,creado,modifico,ram_id,arb_id)VALUES (1851,17,'20010306 09:14:04','20010306 09:14:04',1,541,56)
INSERT INTO Hoja (hoja_id,id,modificado,creado,modifico,ram_id,arb_id)VALUES (1855,21,'20010306 09:17:15','20010306 09:17:15',1,541,56)
INSERT INTO Hoja (hoja_id,id,modificado,creado,modifico,ram_id,arb_id)VALUES (1870,36,'20010306 09:34:21','20010306 09:34:21',1,542,56)
INSERT INTO Hoja (hoja_id,id,modificado,creado,modifico,ram_id,arb_id)VALUES (1883,49,'20010306 09:49:45','20010306 09:49:45',1,542,56)
INSERT INTO Hoja (hoja_id,id,modificado,creado,modifico,ram_id,arb_id)VALUES (1887,53,'20010306 09:53:26','20010306 09:53:26',1,542,56)
INSERT INTO Hoja (hoja_id,id,modificado,creado,modifico,ram_id,arb_id)VALUES (1888,54,'20010306 09:54:23','20010306 09:54:23',1,542,56)
INSERT INTO Hoja (hoja_id,id,modificado,creado,modifico,ram_id,arb_id)VALUES (1897,63,'20010306 10:06:18','20010306 10:06:18',1,542,56)
INSERT INTO Hoja (hoja_id,id,modificado,creado,modifico,ram_id,arb_id)VALUES (1898,64,'20010306 10:07:12','20010306 10:07:12',1,542,56)
INSERT INTO Hoja (hoja_id,id,modificado,creado,modifico,ram_id,arb_id)VALUES (1900,66,'20010308 17:58:07','20010308 17:58:07',1,542,56)
GO
INSERT INTO Hoja (hoja_id,id,modificado,creado,modifico,ram_id,arb_id)VALUES (1901,67,'20010308 17:58:47','20010308 17:58:47',1,542,56)
INSERT INTO Hoja (hoja_id,id,modificado,creado,modifico,ram_id,arb_id)VALUES (1909,75,'20010308 18:10:03','20010308 18:10:03',1,543,56)
INSERT INTO Hoja (hoja_id,id,modificado,creado,modifico,ram_id,arb_id)VALUES (1915,81,'20010308 18:14:59','20010308 18:14:59',1,543,56)
INSERT INTO Hoja (hoja_id,id,modificado,creado,modifico,ram_id,arb_id)VALUES (1918,84,'20010308 18:17:14','20010308 18:17:14',1,543,56)
INSERT INTO Hoja (hoja_id,id,modificado,creado,modifico,ram_id,arb_id)VALUES (1922,88,'20010308 18:19:36','20010308 18:19:36',1,543,56)
INSERT INTO Hoja (hoja_id,id,modificado,creado,modifico,ram_id,arb_id)VALUES (1929,95,'20010308 18:24:09','20010308 18:24:09',1,543,56)
INSERT INTO Hoja (hoja_id,id,modificado,creado,modifico,ram_id,arb_id)VALUES (1940,106,'20010308 18:31:32','20010308 18:31:32',1,543,56)
INSERT INTO Hoja (hoja_id,id,modificado,creado,modifico,ram_id,arb_id)VALUES (1941,107,'20010308 18:32:04','20010308 18:32:04',1,543,56)
INSERT INTO Hoja (hoja_id,id,modificado,creado,modifico,ram_id,arb_id)VALUES (1943,109,'20010308 18:33:03','20010308 18:33:03',1,543,56)
INSERT INTO Hoja (hoja_id,id,modificado,creado,modifico,ram_id,arb_id)VALUES (1946,112,'20010308 18:34:48','20010308 18:34:48',1,543,56)
GO
INSERT INTO Hoja (hoja_id,id,modificado,creado,modifico,ram_id,arb_id)VALUES (1950,116,'20010308 18:39:43','20010308 18:39:43',1,547,56)
INSERT INTO Hoja (hoja_id,id,modificado,creado,modifico,ram_id,arb_id)VALUES (1953,119,'20010308 18:42:01','20010308 18:42:01',1,547,56)
INSERT INTO Hoja (hoja_id,id,modificado,creado,modifico,ram_id,arb_id)VALUES (1955,4,'20010623 20:49:24','20010623 20:49:24',1,555,58)
INSERT INTO Hoja (hoja_id,id,modificado,creado,modifico,ram_id,arb_id)VALUES (1960,4,'20010624 10:54:45','20010624 10:54:45',1,554,57)
INSERT INTO Hoja (hoja_id,id,modificado,creado,modifico,ram_id,arb_id)VALUES (1961,1008,'20010625 23:04:37','20010625 23:04:37',1,582,1)
INSERT INTO Hoja (hoja_id,id,modificado,creado,modifico,ram_id,arb_id)VALUES (1962,1009,'20010625 23:04:37','20010625 23:04:37',1,582,1)
INSERT INTO Hoja (hoja_id,id,modificado,creado,modifico,ram_id,arb_id)VALUES (1977,1072,'20010625 23:06:30','20010625 23:06:30',1,588,1)
INSERT INTO Hoja (hoja_id,id,modificado,creado,modifico,ram_id,arb_id)VALUES (1980,1075,'20010625 23:06:30','20010625 23:06:30',1,588,1)
INSERT INTO Hoja (hoja_id,id,modificado,creado,modifico,ram_id,arb_id)VALUES (1985,2,'20010703 10:28:18','20010703 10:28:18',1,494,36)
INSERT INTO Hoja (hoja_id,id,modificado,creado,modifico,ram_id,arb_id)VALUES (1986,3,'20010703 10:28:33','20010703 10:28:33',1,494,36)
GO
INSERT INTO Hoja (hoja_id,id,modificado,creado,modifico,ram_id,arb_id)VALUES (1988,4,'20010703 10:33:16','20010703 10:33:16',1,501,39)
INSERT INTO Hoja (hoja_id,id,modificado,creado,modifico,ram_id,arb_id)VALUES (1997,9,'20010703 21:21:55','20010703 21:21:55',1,589,60)
INSERT INTO Hoja (hoja_id,id,modificado,creado,modifico,ram_id,arb_id)VALUES (2000,1080,'20020317 15:07:33','20020317 15:07:33',1,590,1)
INSERT INTO Hoja (hoja_id,id,modificado,creado,modifico,ram_id,arb_id)VALUES (2006,1087,'20020317 15:57:18','20020317 15:57:18',1,592,1)
INSERT INTO Hoja (hoja_id,id,modificado,creado,modifico,ram_id,arb_id)VALUES (848,4,'20000629 22:49:55','20000629 22:49:55',1,482,1)
INSERT INTO Hoja (hoja_id,id,modificado,creado,modifico,ram_id,arb_id)VALUES (2012,122,'20020320 18:54:06','20020320 18:54:06',1,550,56)
INSERT INTO Hoja (hoja_id,id,modificado,creado,modifico,ram_id,arb_id)VALUES (863,9,'20000924 16:59:31','20000924 16:59:31',1,516,1)
INSERT INTO Hoja (hoja_id,id,modificado,creado,modifico,ram_id,arb_id)VALUES (851,1,'20000629 22:50:21','20000629 22:50:21',1,482,1)
INSERT INTO Hoja (hoja_id,id,modificado,creado,modifico,ram_id,arb_id)VALUES (852,2,'20000629 22:50:21','20000629 22:50:21',1,482,1)
INSERT INTO Hoja (hoja_id,id,modificado,creado,modifico,ram_id,arb_id)VALUES (853,3,'20000629 22:50:31','20000629 22:50:31',1,482,1)
GO
INSERT INTO Hoja (hoja_id,id,modificado,creado,modifico,ram_id,arb_id)VALUES (865,11,'20000924 17:10:31','20000924 17:10:31',1,478,1)
INSERT INTO Hoja (hoja_id,id,modificado,creado,modifico,ram_id,arb_id)VALUES (855,5,'20000629 22:50:07','20000629 22:50:07',1,482,1)
INSERT INTO Hoja (hoja_id,id,modificado,creado,modifico,ram_id,arb_id)VALUES (856,6,'20000629 22:50:07','20000629 22:50:07',1,482,1)
INSERT INTO Hoja (hoja_id,id,modificado,creado,modifico,ram_id,arb_id)VALUES (857,7,'20000629 22:50:31','20000629 22:50:31',1,482,1)
INSERT INTO Hoja (hoja_id,id,modificado,creado,modifico,ram_id,arb_id)VALUES (867,13,'20000924 17:10:31','20000924 17:10:31',1,478,1)
INSERT INTO Hoja (hoja_id,id,modificado,creado,modifico,ram_id,arb_id)VALUES (2013,123,'20020320 18:56:48','20020320 18:56:48',1,545,56)
INSERT INTO Hoja (hoja_id,id,modificado,creado,modifico,ram_id,arb_id)VALUES (2016,126,'20020320 19:00:33','20020320 19:00:33',1,553,56)
INSERT INTO Hoja (hoja_id,id,modificado,creado,modifico,ram_id,arb_id)VALUES (2018,3,'20020320 19:08:11','20020320 19:08:11',1,512,45)
INSERT INTO Hoja (hoja_id,id,modificado,creado,modifico,ram_id,arb_id)VALUES (892,11,'20010124 00:28:19','20010124 00:28:19',1,492,33)
INSERT INTO Hoja (hoja_id,id,modificado,creado,modifico,ram_id,arb_id)VALUES (908,26,'20010124 19:10:13','20010124 19:10:13',1,484,33)
GO
INSERT INTO Hoja (hoja_id,id,modificado,creado,modifico,ram_id,arb_id)VALUES (910,30,'20010124 19:11:23','20010124 19:11:23',1,484,33)
INSERT INTO Hoja (hoja_id,id,modificado,creado,modifico,ram_id,arb_id)VALUES (926,15,'20010128 13:53:30','20010128 13:53:30',1,479,1)
INSERT INTO Hoja (hoja_id,id,modificado,creado,modifico,ram_id,arb_id)VALUES (935,1015,'20010130 23:17:32','20010130 23:17:32',1,502,1)
INSERT INTO Hoja (hoja_id,id,modificado,creado,modifico,ram_id,arb_id)VALUES (936,1016,'20010130 23:17:32','20010130 23:17:32',1,502,1)
INSERT INTO Hoja (hoja_id,id,modificado,creado,modifico,ram_id,arb_id)VALUES (950,1035,'20010131 21:00:56','20010131 21:00:56',1,507,1)
INSERT INTO Hoja (hoja_id,id,modificado,creado,modifico,ram_id,arb_id)VALUES (952,1036,'20010131 21:15:01','20010131 21:15:01',1,510,1)
INSERT INTO Hoja (hoja_id,id,modificado,creado,modifico,ram_id,arb_id)VALUES (953,1037,'20010131 21:15:01','20010131 21:15:01',1,510,1)
INSERT INTO Hoja (hoja_id,id,modificado,creado,modifico,ram_id,arb_id)VALUES (955,1039,'20010131 21:15:01','20010131 21:15:01',1,510,1)
INSERT INTO Hoja (hoja_id,id,modificado,creado,modifico,ram_id,arb_id)VALUES (956,1028,'20010131 21:24:34','20010131 21:24:34',1,511,1)
INSERT INTO Hoja (hoja_id,id,modificado,creado,modifico,ram_id,arb_id)VALUES (957,1029,'20010131 21:24:34','20010131 21:24:34',1,511,1)
GO
INSERT INTO Hoja (hoja_id,id,modificado,creado,modifico,ram_id,arb_id)VALUES (958,1030,'20010131 21:24:34','20010131 21:24:34',1,511,1)
INSERT INTO Hoja (hoja_id,id,modificado,creado,modifico,ram_id,arb_id)VALUES (959,1031,'20010131 21:24:34','20010131 21:24:34',1,511,1)
INSERT INTO Hoja (hoja_id,id,modificado,creado,modifico,ram_id,arb_id)VALUES (960,1,'20010131 21:43:56','20010131 21:43:56',1,512,45)
INSERT INTO Hoja (hoja_id,id,modificado,creado,modifico,ram_id,arb_id)VALUES (972,1046,'20010203 19:52:26','20010203 19:52:26',1,520,1)
INSERT INTO Hoja (hoja_id,id,modificado,creado,modifico,ram_id,arb_id)VALUES (973,1047,'20010203 19:52:26','20010203 19:52:26',1,520,1)
INSERT INTO Hoja (hoja_id,id,modificado,creado,modifico,ram_id,arb_id)VALUES (2022,1,'20020320 19:31:21','20020320 19:31:21',1,593,62)
INSERT INTO Hoja (hoja_id,id,modificado,creado,modifico,ram_id,arb_id)VALUES (1812,6,'20010204 13:01:49','20010204 13:01:49',1,504,41)
INSERT INTO Hoja (hoja_id,id,modificado,creado,modifico,ram_id,arb_id)VALUES (1816,1050,'20010205 21:10:42','20010205 21:10:42',1,529,1)
INSERT INTO Hoja (hoja_id,id,modificado,creado,modifico,ram_id,arb_id)VALUES (1817,1051,'20010205 21:10:42','20010205 21:10:42',1,529,1)
INSERT INTO Hoja (hoja_id,id,modificado,creado,modifico,ram_id,arb_id)VALUES (1820,1054,'20010207 15:58:08','20010207 15:58:08',1,531,1)
GO
INSERT INTO Hoja (hoja_id,id,modificado,creado,modifico,ram_id,arb_id)VALUES (1821,1055,'20010207 15:58:08','20010207 15:58:08',1,531,1)
INSERT INTO Hoja (hoja_id,id,modificado,creado,modifico,ram_id,arb_id)VALUES (1825,1056,'20010208 08:50:43','20010208 08:50:43',1,533,1)
INSERT INTO Hoja (hoja_id,id,modificado,creado,modifico,ram_id,arb_id)VALUES (1826,1057,'20010208 08:50:43','20010208 08:50:43',1,533,1)
INSERT INTO Hoja (hoja_id,id,modificado,creado,modifico,ram_id,arb_id)VALUES (1827,1058,'20010208 08:50:44','20010208 08:50:44',1,533,1)
INSERT INTO Hoja (hoja_id,id,modificado,creado,modifico,ram_id,arb_id)VALUES (1828,1059,'20010208 08:50:44','20010208 08:50:44',1,533,1)
INSERT INTO Hoja (hoja_id,id,modificado,creado,modifico,ram_id,arb_id)VALUES (1839,6,'20010304 17:57:34','20010304 17:57:34',1,552,56)
INSERT INTO Hoja (hoja_id,id,modificado,creado,modifico,ram_id,arb_id)VALUES (1843,9,'20010306 09:03:11','20010306 09:03:11',1,541,56)
INSERT INTO Hoja (hoja_id,id,modificado,creado,modifico,ram_id,arb_id)VALUES (1856,22,'20010306 09:17:49','20010306 09:17:49',1,541,56)
INSERT INTO Hoja (hoja_id,id,modificado,creado,modifico,ram_id,arb_id)VALUES (1859,25,'20010306 09:21:31','20010306 09:21:31',1,541,56)
INSERT INTO Hoja (hoja_id,id,modificado,creado,modifico,ram_id,arb_id)VALUES (1860,26,'20010306 09:22:30','20010306 09:22:30',1,541,56)
GO
INSERT INTO Hoja (hoja_id,id,modificado,creado,modifico,ram_id,arb_id)VALUES (1862,28,'20010306 09:24:15','20010306 09:24:15',1,541,56)
INSERT INTO Hoja (hoja_id,id,modificado,creado,modifico,ram_id,arb_id)VALUES (1863,29,'20010306 09:25:11','20010306 09:25:11',1,541,56)
INSERT INTO Hoja (hoja_id,id,modificado,creado,modifico,ram_id,arb_id)VALUES (1866,32,'20010306 09:29:18','20010306 09:29:18',1,542,56)
INSERT INTO Hoja (hoja_id,id,modificado,creado,modifico,ram_id,arb_id)VALUES (1871,37,'20010306 09:35:21','20010306 09:35:21',1,542,56)
INSERT INTO Hoja (hoja_id,id,modificado,creado,modifico,ram_id,arb_id)VALUES (1874,40,'20010306 09:40:29','20010306 09:40:29',1,542,56)
INSERT INTO Hoja (hoja_id,id,modificado,creado,modifico,ram_id,arb_id)VALUES (1878,44,'20010306 09:44:43','20010306 09:44:43',1,542,56)
INSERT INTO Hoja (hoja_id,id,modificado,creado,modifico,ram_id,arb_id)VALUES (1879,45,'20010306 09:45:25','20010306 09:45:25',1,542,56)
INSERT INTO Hoja (hoja_id,id,modificado,creado,modifico,ram_id,arb_id)VALUES (1889,55,'20010306 09:56:45','20010306 09:56:45',1,542,56)
INSERT INTO Hoja (hoja_id,id,modificado,creado,modifico,ram_id,arb_id)VALUES (1890,56,'20010306 09:57:53','20010306 09:57:53',1,542,56)
INSERT INTO Hoja (hoja_id,id,modificado,creado,modifico,ram_id,arb_id)VALUES (1899,65,'20010306 10:07:44','20010306 10:07:44',1,542,56)
GO
INSERT INTO Hoja (hoja_id,id,modificado,creado,modifico,ram_id,arb_id)VALUES (1902,68,'20010308 17:59:31','20010308 17:59:31',1,542,56)
INSERT INTO Hoja (hoja_id,id,modificado,creado,modifico,ram_id,arb_id)VALUES (1903,69,'20010308 18:05:14','20010308 18:05:14',1,543,56)
INSERT INTO Hoja (hoja_id,id,modificado,creado,modifico,ram_id,arb_id)VALUES (1904,70,'20010308 18:05:52','20010308 18:05:52',1,543,56)
INSERT INTO Hoja (hoja_id,id,modificado,creado,modifico,ram_id,arb_id)VALUES (1905,71,'20010308 18:06:34','20010308 18:06:34',1,543,56)
INSERT INTO Hoja (hoja_id,id,modificado,creado,modifico,ram_id,arb_id)VALUES (1906,72,'20010308 18:07:20','20010308 18:07:20',1,543,56)
INSERT INTO Hoja (hoja_id,id,modificado,creado,modifico,ram_id,arb_id)VALUES (1908,74,'20010308 18:08:37','20010308 18:08:37',1,543,56)
INSERT INTO Hoja (hoja_id,id,modificado,creado,modifico,ram_id,arb_id)VALUES (1910,76,'20010308 18:10:40','20010308 18:10:40',1,543,56)
INSERT INTO Hoja (hoja_id,id,modificado,creado,modifico,ram_id,arb_id)VALUES (1916,82,'20010308 18:15:49','20010308 18:15:49',1,543,56)
INSERT INTO Hoja (hoja_id,id,modificado,creado,modifico,ram_id,arb_id)VALUES (1919,85,'20010308 18:17:48','20010308 18:17:48',1,543,56)
INSERT INTO Hoja (hoja_id,id,modificado,creado,modifico,ram_id,arb_id)VALUES (1921,87,'20010308 18:18:48','20010308 18:18:48',1,543,56)
GO
INSERT INTO Hoja (hoja_id,id,modificado,creado,modifico,ram_id,arb_id)VALUES (1927,93,'20010308 18:22:59','20010308 18:22:59',1,543,56)
INSERT INTO Hoja (hoja_id,id,modificado,creado,modifico,ram_id,arb_id)VALUES (1933,99,'20010308 18:27:19','20010308 18:27:19',1,543,56)
INSERT INTO Hoja (hoja_id,id,modificado,creado,modifico,ram_id,arb_id)VALUES (1937,103,'20010308 18:29:54','20010308 18:29:54',1,543,56)
INSERT INTO Hoja (hoja_id,id,modificado,creado,modifico,ram_id,arb_id)VALUES (1947,113,'20010308 18:35:21','20010308 18:35:21',1,543,56)
INSERT INTO Hoja (hoja_id,id,modificado,creado,modifico,ram_id,arb_id)VALUES (1958,7,'20010624 10:16:37','20010624 10:16:37',1,555,58)
INSERT INTO Hoja (hoja_id,id,modificado,creado,modifico,ram_id,arb_id)VALUES (1963,1010,'20010625 23:04:37','20010625 23:04:37',1,582,1)
INSERT INTO Hoja (hoja_id,id,modificado,creado,modifico,ram_id,arb_id)VALUES (1964,1011,'20010625 23:04:37','20010625 23:04:37',1,582,1)
INSERT INTO Hoja (hoja_id,id,modificado,creado,modifico,ram_id,arb_id)VALUES (1965,1020,'20010625 23:05:04','20010625 23:05:04',1,584,1)
INSERT INTO Hoja (hoja_id,id,modificado,creado,modifico,ram_id,arb_id)VALUES (1966,1021,'20010625 23:05:04','20010625 23:05:04',1,584,1)
INSERT INTO Hoja (hoja_id,id,modificado,creado,modifico,ram_id,arb_id)VALUES (1967,1022,'20010625 23:05:04','20010625 23:05:04',1,584,1)
GO
INSERT INTO Hoja (hoja_id,id,modificado,creado,modifico,ram_id,arb_id)VALUES (1968,1023,'20010625 23:05:04','20010625 23:05:04',1,584,1)
INSERT INTO Hoja (hoja_id,id,modificado,creado,modifico,ram_id,arb_id)VALUES (1973,1068,'20010625 23:05:56','20010625 23:05:56',1,586,1)
INSERT INTO Hoja (hoja_id,id,modificado,creado,modifico,ram_id,arb_id)VALUES (1974,1069,'20010625 23:05:56','20010625 23:05:56',1,586,1)
INSERT INTO Hoja (hoja_id,id,modificado,creado,modifico,ram_id,arb_id)VALUES (1978,1073,'20010625 23:06:30','20010625 23:06:30',1,588,1)
INSERT INTO Hoja (hoja_id,id,modificado,creado,modifico,ram_id,arb_id)VALUES (1981,1076,'20010625 23:06:42','20010625 23:06:42',1,583,1)
INSERT INTO Hoja (hoja_id,id,modificado,creado,modifico,ram_id,arb_id)VALUES (1987,3,'20010703 10:32:51','20010703 10:32:51',1,501,39)
INSERT INTO Hoja (hoja_id,id,modificado,creado,modifico,ram_id,arb_id)VALUES (1990,2,'20010703 10:38:34','20010703 10:38:34',1,589,60)
INSERT INTO Hoja (hoja_id,id,modificado,creado,modifico,ram_id,arb_id)VALUES (1992,4,'20010703 11:58:04','20010703 11:58:04',1,589,60)
INSERT INTO Hoja (hoja_id,id,modificado,creado,modifico,ram_id,arb_id)VALUES (2001,1081,'20020317 15:07:33','20020317 15:07:33',1,590,1)
INSERT INTO Hoja (hoja_id,id,modificado,creado,modifico,ram_id,arb_id)VALUES (2008,1085,'20020317 15:57:30','20020317 15:57:30',1,592,1)
GO
INSERT INTO Hoja (hoja_id,id,modificado,creado,modifico,ram_id,arb_id)VALUES (1813,7,'20010204 13:02:19','20010204 13:02:19',1,504,41)
INSERT INTO Hoja (hoja_id,id,modificado,creado,modifico,ram_id,arb_id)VALUES (1822,6,'20010207 16:41:53','20010207 16:41:53',1,532,52)
INSERT INTO Hoja (hoja_id,id,modificado,creado,modifico,ram_id,arb_id)VALUES (1829,1060,'20010208 10:04:20','20010208 10:04:20',1,535,1)
INSERT INTO Hoja (hoja_id,id,modificado,creado,modifico,ram_id,arb_id)VALUES (1832,1063,'20010208 10:04:20','20010208 10:04:20',1,535,1)
INSERT INTO Hoja (hoja_id,id,modificado,creado,modifico,ram_id,arb_id)VALUES (1844,10,'20010306 09:04:17','20010306 09:04:17',1,541,56)
INSERT INTO Hoja (hoja_id,id,modificado,creado,modifico,ram_id,arb_id)VALUES (1847,13,'20010306 09:07:59','20010306 09:07:59',1,541,56)
INSERT INTO Hoja (hoja_id,id,modificado,creado,modifico,ram_id,arb_id)VALUES (1849,15,'20010306 09:11:52','20010306 09:11:52',1,541,56)
INSERT INTO Hoja (hoja_id,id,modificado,creado,modifico,ram_id,arb_id)VALUES (1864,30,'20010306 09:26:08','20010306 09:26:08',1,541,56)
INSERT INTO Hoja (hoja_id,id,modificado,creado,modifico,ram_id,arb_id)VALUES (1867,33,'20010306 09:30:34','20010306 09:30:34',1,542,56)
INSERT INTO Hoja (hoja_id,id,modificado,creado,modifico,ram_id,arb_id)VALUES (1868,34,'20010306 09:32:05','20010306 09:32:05',1,542,56)
GO
INSERT INTO Hoja (hoja_id,id,modificado,creado,modifico,ram_id,arb_id)VALUES (1869,35,'20010306 09:33:03','20010306 09:33:03',1,542,56)
INSERT INTO Hoja (hoja_id,id,modificado,creado,modifico,ram_id,arb_id)VALUES (1875,41,'20010306 09:41:49','20010306 09:41:49',1,542,56)
INSERT INTO Hoja (hoja_id,id,modificado,creado,modifico,ram_id,arb_id)VALUES (1876,42,'20010306 09:42:43','20010306 09:42:43',1,542,56)
INSERT INTO Hoja (hoja_id,id,modificado,creado,modifico,ram_id,arb_id)VALUES (1882,48,'20010306 09:48:05','20010306 09:48:05',1,542,56)
INSERT INTO Hoja (hoja_id,id,modificado,creado,modifico,ram_id,arb_id)VALUES (1884,50,'20010306 09:50:42','20010306 09:50:42',1,542,56)
INSERT INTO Hoja (hoja_id,id,modificado,creado,modifico,ram_id,arb_id)VALUES (1885,51,'20010306 09:51:42','20010306 09:51:42',1,542,56)
INSERT INTO Hoja (hoja_id,id,modificado,creado,modifico,ram_id,arb_id)VALUES (1891,57,'20010306 09:58:53','20010306 09:58:53',1,542,56)
INSERT INTO Hoja (hoja_id,id,modificado,creado,modifico,ram_id,arb_id)VALUES (1892,58,'20010306 10:01:35','20010306 10:01:35',1,542,56)
INSERT INTO Hoja (hoja_id,id,modificado,creado,modifico,ram_id,arb_id)VALUES (1893,59,'20010306 10:02:11','20010306 10:02:11',1,542,56)
INSERT INTO Hoja (hoja_id,id,modificado,creado,modifico,ram_id,arb_id)VALUES (1894,60,'20010306 10:03:13','20010306 10:03:13',1,542,56)
GO
INSERT INTO Hoja (hoja_id,id,modificado,creado,modifico,ram_id,arb_id)VALUES (1911,77,'20010308 18:11:14','20010308 18:11:14',1,543,56)
INSERT INTO Hoja (hoja_id,id,modificado,creado,modifico,ram_id,arb_id)VALUES (1913,79,'20010308 18:13:17','20010308 18:13:17',1,543,56)
INSERT INTO Hoja (hoja_id,id,modificado,creado,modifico,ram_id,arb_id)VALUES (1917,83,'20010308 18:16:19','20010308 18:16:19',1,543,56)
INSERT INTO Hoja (hoja_id,id,modificado,creado,modifico,ram_id,arb_id)VALUES (1920,86,'20010308 18:18:19','20010308 18:18:19',1,543,56)
INSERT INTO Hoja (hoja_id,id,modificado,creado,modifico,ram_id,arb_id)VALUES (1923,89,'20010308 18:20:15','20010308 18:20:15',1,543,56)
INSERT INTO Hoja (hoja_id,id,modificado,creado,modifico,ram_id,arb_id)VALUES (1931,97,'20010308 18:25:14','20010308 18:25:14',1,543,56)
INSERT INTO Hoja (hoja_id,id,modificado,creado,modifico,ram_id,arb_id)VALUES (1932,98,'20010308 18:26:37','20010308 18:26:37',1,543,56)
INSERT INTO Hoja (hoja_id,id,modificado,creado,modifico,ram_id,arb_id)VALUES (1934,100,'20010308 18:27:45','20010308 18:27:45',1,543,56)
INSERT INTO Hoja (hoja_id,id,modificado,creado,modifico,ram_id,arb_id)VALUES (1935,101,'20010308 18:28:11','20010308 18:28:11',1,543,56)
INSERT INTO Hoja (hoja_id,id,modificado,creado,modifico,ram_id,arb_id)VALUES (1936,102,'20010308 18:29:18','20010308 18:29:18',1,543,56)
GO
INSERT INTO Hoja (hoja_id,id,modificado,creado,modifico,ram_id,arb_id)VALUES (1939,105,'20010308 18:31:02','20010308 18:31:02',1,543,56)
INSERT INTO Hoja (hoja_id,id,modificado,creado,modifico,ram_id,arb_id)VALUES (1942,108,'20010308 18:32:37','20010308 18:32:37',1,543,56)
INSERT INTO Hoja (hoja_id,id,modificado,creado,modifico,ram_id,arb_id)VALUES (1944,110,'20010308 18:33:57','20010308 18:33:57',1,543,56)
INSERT INTO Hoja (hoja_id,id,modificado,creado,modifico,ram_id,arb_id)VALUES (1948,114,'20010308 18:37:42','20010308 18:37:42',1,547,56)
INSERT INTO Hoja (hoja_id,id,modificado,creado,modifico,ram_id,arb_id)VALUES (1951,117,'20010308 18:40:32','20010308 18:40:32',1,547,56)
INSERT INTO Hoja (hoja_id,id,modificado,creado,modifico,ram_id,arb_id)VALUES (1952,118,'20010308 18:41:10','20010308 18:41:10',1,547,56)
INSERT INTO Hoja (hoja_id,id,modificado,creado,modifico,ram_id,arb_id)VALUES (1954,120,'20010308 18:42:54','20010308 18:42:54',1,547,56)
INSERT INTO Hoja (hoja_id,id,modificado,creado,modifico,ram_id,arb_id)VALUES (1959,3,'20010624 10:54:25','20010624 10:54:25',1,554,57)
INSERT INTO Hoja (hoja_id,id,modificado,creado,modifico,ram_id,arb_id)VALUES (1982,1077,'20010625 23:06:42','20010625 23:06:42',1,583,1)
INSERT INTO Hoja (hoja_id,id,modificado,creado,modifico,ram_id,arb_id)VALUES (1989,5,'20010703 10:34:15','20010703 10:34:15',1,501,39)
GO
INSERT INTO Hoja (hoja_id,id,modificado,creado,modifico,ram_id,arb_id)VALUES (1991,3,'20010703 11:56:27','20010703 11:56:27',1,589,60)
INSERT INTO Hoja (hoja_id,id,modificado,creado,modifico,ram_id,arb_id)VALUES (1993,5,'20010703 11:59:31','20010703 11:59:31',1,589,60)
INSERT INTO Hoja (hoja_id,id,modificado,creado,modifico,ram_id,arb_id)VALUES (1995,7,'20010703 12:02:15','20010703 12:02:15',1,589,60)
INSERT INTO Hoja (hoja_id,id,modificado,creado,modifico,ram_id,arb_id)VALUES (1998,10,'20010703 21:23:01','20010703 21:23:01',1,589,60)
INSERT INTO Hoja (hoja_id,id,modificado,creado,modifico,ram_id,arb_id)VALUES (2002,1082,'20020317 15:07:33','20020317 15:07:33',1,590,1)
INSERT INTO Hoja (hoja_id,id,modificado,creado,modifico,ram_id,arb_id)VALUES (2003,1083,'20020317 15:07:33','20020317 15:07:33',1,590,1)
INSERT INTO Hoja (hoja_id,id,modificado,creado,modifico,ram_id,arb_id)VALUES (2004,2,'20020317 15:11:56','20020317 15:11:56',1,591,61)
INSERT INTO Hoja (hoja_id,id,modificado,creado,modifico,ram_id,arb_id)VALUES (2007,1084,'20020317 15:57:30','20020317 15:57:30',1,592,1)
INSERT INTO Hoja (hoja_id,id,modificado,creado,modifico,ram_id,arb_id)VALUES (2027,31,'20020320 20:54:55','20020320 20:54:55',1,595,27)
INSERT INTO Hoja (hoja_id,id,modificado,creado,modifico,ram_id,arb_id)VALUES (2014,124,'20020320 18:58:19','20020320 18:58:19',1,546,56)
GO
INSERT INTO Hoja (hoja_id,id,modificado,creado,modifico,ram_id,arb_id)VALUES (1830,1061,'20010208 10:04:20','20010208 10:04:20',1,535,1)
INSERT INTO Hoja (hoja_id,id,modificado,creado,modifico,ram_id,arb_id)VALUES (1840,2,'20010304 18:07:04','20010304 18:07:04',1,555,58)
INSERT INTO Hoja (hoja_id,id,modificado,creado,modifico,ram_id,arb_id)VALUES (1846,12,'20010306 09:07:02','20010306 09:07:02',1,541,56)
INSERT INTO Hoja (hoja_id,id,modificado,creado,modifico,ram_id,arb_id)VALUES (1850,16,'20010306 09:13:06','20010306 09:13:06',1,541,56)
INSERT INTO Hoja (hoja_id,id,modificado,creado,modifico,ram_id,arb_id)VALUES (1852,18,'20010306 09:14:42','20010306 09:14:42',1,541,56)
INSERT INTO Hoja (hoja_id,id,modificado,creado,modifico,ram_id,arb_id)VALUES (1853,19,'20010306 09:15:24','20010306 09:15:24',1,541,56)
INSERT INTO Hoja (hoja_id,id,modificado,creado,modifico,ram_id,arb_id)VALUES (1854,20,'20010306 09:16:25','20010306 09:16:25',1,541,56)
INSERT INTO Hoja (hoja_id,id,modificado,creado,modifico,ram_id,arb_id)VALUES (1857,23,'20010306 09:19:22','20010306 09:19:22',1,541,56)
INSERT INTO Hoja (hoja_id,id,modificado,creado,modifico,ram_id,arb_id)VALUES (1858,24,'20010306 09:20:24','20010306 09:20:24',1,541,56)
INSERT INTO Hoja (hoja_id,id,modificado,creado,modifico,ram_id,arb_id)VALUES (1861,27,'20010306 09:23:24','20010306 09:23:24',1,541,56)
GO
INSERT INTO Hoja (hoja_id,id,modificado,creado,modifico,ram_id,arb_id)VALUES (1865,31,'20010306 09:27:57','20010306 09:27:57',1,542,56)
INSERT INTO Hoja (hoja_id,id,modificado,creado,modifico,ram_id,arb_id)VALUES (1872,38,'20010306 09:36:36','20010306 09:36:36',1,542,56)
INSERT INTO Hoja (hoja_id,id,modificado,creado,modifico,ram_id,arb_id)VALUES (1873,39,'20010306 09:38:58','20010306 09:38:58',1,542,56)
INSERT INTO Hoja (hoja_id,id,modificado,creado,modifico,ram_id,arb_id)VALUES (1877,43,'20010306 09:43:53','20010306 09:43:53',1,542,56)
INSERT INTO Hoja (hoja_id,id,modificado,creado,modifico,ram_id,arb_id)VALUES (1880,46,'20010306 09:46:14','20010306 09:46:14',1,542,56)
INSERT INTO Hoja (hoja_id,id,modificado,creado,modifico,ram_id,arb_id)VALUES (1881,47,'20010306 09:47:07','20010306 09:47:07',1,542,56)
INSERT INTO Hoja (hoja_id,id,modificado,creado,modifico,ram_id,arb_id)VALUES (1886,52,'20010306 09:52:37','20010306 09:52:37',1,542,56)
INSERT INTO Hoja (hoja_id,id,modificado,creado,modifico,ram_id,arb_id)VALUES (1895,61,'20010306 10:03:55','20010306 10:03:55',1,542,56)
INSERT INTO Hoja (hoja_id,id,modificado,creado,modifico,ram_id,arb_id)VALUES (1896,62,'20010306 10:04:39','20010306 10:04:39',1,542,56)
INSERT INTO Hoja (hoja_id,id,modificado,creado,modifico,ram_id,arb_id)VALUES (1907,73,'20010308 18:07:57','20010308 18:07:57',1,543,56)
GO
INSERT INTO Hoja (hoja_id,id,modificado,creado,modifico,ram_id,arb_id)VALUES (1912,78,'20010308 18:12:42','20010308 18:12:42',1,543,56)
INSERT INTO Hoja (hoja_id,id,modificado,creado,modifico,ram_id,arb_id)VALUES (1914,80,'20010308 18:14:15','20010308 18:14:15',1,543,56)
INSERT INTO Hoja (hoja_id,id,modificado,creado,modifico,ram_id,arb_id)VALUES (1924,90,'20010308 18:21:23','20010308 18:21:23',1,543,56)
INSERT INTO Hoja (hoja_id,id,modificado,creado,modifico,ram_id,arb_id)VALUES (1925,91,'20010308 18:21:51','20010308 18:21:51',1,543,56)
INSERT INTO Hoja (hoja_id,id,modificado,creado,modifico,ram_id,arb_id)VALUES (1926,92,'20010308 18:22:24','20010308 18:22:24',1,543,56)
INSERT INTO Hoja (hoja_id,id,modificado,creado,modifico,ram_id,arb_id)VALUES (1928,94,'20010308 18:23:31','20010308 18:23:31',1,543,56)
INSERT INTO Hoja (hoja_id,id,modificado,creado,modifico,ram_id,arb_id)VALUES (1930,96,'20010308 18:24:49','20010308 18:24:49',1,543,56)
INSERT INTO Hoja (hoja_id,id,modificado,creado,modifico,ram_id,arb_id)VALUES (1938,104,'20010308 18:30:26','20010308 18:30:26',1,543,56)
INSERT INTO Hoja (hoja_id,id,modificado,creado,modifico,ram_id,arb_id)VALUES (1945,111,'20010308 18:34:24','20010308 18:34:24',1,543,56)
INSERT INTO Hoja (hoja_id,id,modificado,creado,modifico,ram_id,arb_id)VALUES (1949,115,'20010308 18:38:59','20010308 18:38:59',1,547,56)
GO
INSERT INTO Hoja (hoja_id,id,modificado,creado,modifico,ram_id,arb_id)VALUES (1975,1070,'20010625 23:05:56','20010625 23:05:56',1,586,1)
INSERT INTO Hoja (hoja_id,id,modificado,creado,modifico,ram_id,arb_id)VALUES (1976,1071,'20010625 23:05:56','20010625 23:05:56',1,586,1)
INSERT INTO Hoja (hoja_id,id,modificado,creado,modifico,ram_id,arb_id)VALUES (1979,1074,'20010625 23:06:30','20010625 23:06:30',1,588,1)
INSERT INTO Hoja (hoja_id,id,modificado,creado,modifico,ram_id,arb_id)VALUES (1983,1078,'20010625 23:06:42','20010625 23:06:42',1,583,1)
INSERT INTO Hoja (hoja_id,id,modificado,creado,modifico,ram_id,arb_id)VALUES (1984,1079,'20010625 23:06:42','20010625 23:06:42',1,583,1)
INSERT INTO Hoja (hoja_id,id,modificado,creado,modifico,ram_id,arb_id)VALUES (1994,6,'20010703 12:00:47','20010703 12:00:47',1,589,60)
INSERT INTO Hoja (hoja_id,id,modificado,creado,modifico,ram_id,arb_id)VALUES (1996,8,'20010703 12:07:16','20010703 12:07:16',1,589,60)
INSERT INTO Hoja (hoja_id,id,modificado,creado,modifico,ram_id,arb_id)VALUES (2005,1086,'20020317 15:57:18','20020317 15:57:18',1,592,1)
INSERT INTO Hoja (hoja_id,id,modificado,creado,modifico,ram_id,arb_id)VALUES (2017,2,'20020320 19:07:52','20020320 19:07:52',1,512,45)
INSERT INTO Hoja (hoja_id,id,modificado,creado,modifico,ram_id,arb_id)VALUES (2024,3,'20020320 19:31:35','20020320 19:31:35',1,593,62)
GO
INSERT INTO Hoja (hoja_id,id,modificado,creado,modifico,ram_id,arb_id)VALUES (2025,4,'20020320 19:31:42','20020320 19:31:42',1,593,62)
INSERT INTO Hoja (hoja_id,id,modificado,creado,modifico,ram_id,arb_id)VALUES (2026,1,'20020320 20:38:39','20020320 20:38:39',1,509,44)
INSERT INTO Hoja (hoja_id,id,modificado,creado,modifico,ram_id,arb_id)VALUES (2028,1,'20020320 21:03:13','20020320 21:03:13',1,595,27)


INSERT INTO Zona (zon_id,zon_nombre,zon_alias,creado,modificado,modifico,activo)VALUES (2,'Avellaneda','AV','20010127 15:41:07','19050528 00:00:00',1,1)
INSERT INTO Zona (zon_id,zon_nombre,zon_alias,creado,modificado,modifico,activo)VALUES (3,'Capital','CP','20010127 15:55:23','19050528 00:00:00',1,1)
INSERT INTO Zona (zon_id,zon_nombre,zon_alias,creado,modificado,modifico,activo)VALUES (1,'Pacheco','PCH','20010127 01:11:39','20020317 00:00:00',1,1)

INSERT INTO Unidad (un_id,un_nombre,un_alias,creado,modificado,modifico,activo)VALUES (2,'Caja','CJ','20010703 10:28:18','19050615 00:00:00',1,1)
INSERT INTO Unidad (un_id,un_nombre,un_alias,creado,modificado,modifico,activo)VALUES (3,'Docena','DC','20010703 10:28:33','19050615 00:00:00',1,1)
INSERT INTO Unidad (un_id,un_nombre,un_alias,creado,modificado,modifico,activo)VALUES (1,'Unidad','UN','20010125 22:26:43','19050619 00:00:00',1,1)

INSERT INTO ReglaLiquidacion (rel_id,rel_nombre,rel_alias,rel_descripcion,creado,modificado,modifico,activo)VALUES (1,'Navidad','Navidad','2% del monto anual cobrado por cada uno ','20010208 09:28:39','20010208 09:28:39',1,0)
GO
INSERT INTO ReglaLiquidacion (rel_id,rel_nombre,rel_alias,rel_descripcion,creado,modificado,modifico,activo)VALUES (2,'Bono','Bono','Liquidacion anual por monto cobrado, presentismo','20010208 09:30:26','20010208 09:30:26',1,1)

INSERT INTO Banco (bco_id,bco_nombre,bco_alias,creado,modificado,modifico,activo)VALUES (3,'Rio','RIO','20020320 19:14:11','20020320 00:00:00',1,1)
INSERT INTO Banco (bco_id,bco_nombre,bco_alias,creado,modificado,modifico,activo)VALUES (4,'Nacion','NACION','20020320 19:14:11','20020320 00:00:00',1,1)
INSERT INTO Banco (bco_id,bco_nombre,bco_alias,creado,modificado,modifico,activo)VALUES (5,'Banco de Galicia','GALICIA','20020320 19:14:11','20020320 00:00:00',1,1)
INSERT INTO Banco (bco_id,bco_nombre,bco_alias,creado,modificado,modifico,activo)VALUES (6,'Banco de Salta','SALTA','20020320 19:14:11','20020320 00:00:00',1,1)
INSERT INTO Banco (bco_id,bco_nombre,bco_alias,creado,modificado,modifico,activo)VALUES (7,'Banco Mercantil','MERCANTIL','20020320 19:14:11','20020320 00:00:00',1,1)
INSERT INTO Banco (bco_id,bco_nombre,bco_alias,creado,modificado,modifico,activo)VALUES (8,'Citibank','CITIBANK','20020320 19:14:11','20020320 00:00:00',1,1)
INSERT INTO Banco (bco_id,bco_nombre,bco_alias,creado,modificado,modifico,activo)VALUES (9,'Lloyds Bank','LLOYDS','20020320 19:14:11','20020320 00:00:00',1,1)
INSERT INTO Banco (bco_id,bco_nombre,bco_alias,creado,modificado,modifico,activo)VALUES (10,'Bansud','BANSUD','20020320 19:14:11','20020320 00:00:00',1,1)
INSERT INTO Banco (bco_id,bco_nombre,bco_alias,creado,modificado,modifico,activo)VALUES (11,'Credi Cop','CREDICOP','20020320 19:14:11','20020320 00:00:00',1,1)
GO
INSERT INTO Banco (bco_id,bco_nombre,bco_alias,creado,modificado,modifico,activo)VALUES (12,'Banco Quilmes','QUILMES','20020320 19:14:11','20020320 00:00:00',1,1)
INSERT INTO Banco (bco_id,bco_nombre,bco_alias,creado,modificado,modifico,activo)VALUES (13,'Banco Frances','FRANCES','20020320 19:14:11','20020320 00:00:00',1,1)
INSERT INTO Banco (bco_id,bco_nombre,bco_alias,creado,modificado,modifico,activo)VALUES (14,'Banca Nazionale de Lavoro','BNL','20020320 19:14:11','20020320 00:00:00',1,1)
INSERT INTO Banco (bco_id,bco_nombre,bco_alias,creado,modificado,modifico,activo)VALUES (15,'Banco Provincia de Buenos Aires','BSAS','20020320 19:14:11','20020320 00:00:00',1,1)
INSERT INTO Banco (bco_id,bco_nombre,bco_alias,creado,modificado,modifico,activo)VALUES (16,'Banco Supervielle','SUPERVIEL','20020320 19:14:11','20020320 00:00:00',1,1)
INSERT INTO Banco (bco_id,bco_nombre,bco_alias,creado,modificado,modifico,activo)VALUES (17,'Deutsche Bank','DEUTSCHE','20020320 19:14:11','20020320 00:00:00',1,1)
INSERT INTO Banco (bco_id,bco_nombre,bco_alias,creado,modificado,modifico,activo)VALUES (18,'ABN-Amro Bank','ABNAMRO','20020320 19:14:11','20020320 00:00:00',1,1)
INSERT INTO Banco (bco_id,bco_nombre,bco_alias,creado,modificado,modifico,activo)VALUES (19,'Banco Credito Argentino','CREDITOAR','20020320 19:14:11','20020320 00:00:00',1,1)
INSERT INTO Banco (bco_id,bco_nombre,bco_alias,creado,modificado,modifico,activo)VALUES (20,'Banco Roberts','ROBERTS','20020320 19:14:11','20020320 00:00:00',1,1)
INSERT INTO Banco (bco_id,bco_nombre,bco_alias,creado,modificado,modifico,activo)VALUES (21,'Banco Mayo','MAYO','20020320 19:14:11','20020320 00:00:00',1,1)
GO

INSERT INTO CentroCosto (ccos_id,ccos_nombre,ccos_alias,ccos_descripcion,ccos_compra,ccos_venta,creado,modificado,modifico,activo)VALUES (6,'Utiles de oficina','FIGURITAS','figuritas dragon ball',10,10,'20010207 16:41:53','19050609 00:00:00',1,1)
INSERT INTO CentroCosto (ccos_id,ccos_nombre,ccos_alias,ccos_descripcion,ccos_compra,ccos_venta,creado,modificado,modifico,activo)VALUES (7,'Automoviles','AUT','sdhfahdflas',0,0,'20010208 08:46:24','19050609 00:00:00',1,1)


INSERT INTO Clearing (cle_id,cle_nombre,cle_alias,cle_descripcion,cle_dias,creado,modificado,modifico,activo)VALUES (1,'48 horas','48','',2,'20010212 13:17:00','20020320 00:00:00',1,1)
INSERT INTO Clearing (cle_id,cle_nombre,cle_alias,cle_descripcion,cle_dias,creado,modificado,modifico,activo)VALUES (3,'24 Horas','24','',2,'20020320 19:20:41','20020320 00:00:00',1,1)
INSERT INTO Clearing (cle_id,cle_nombre,cle_alias,cle_descripcion,cle_dias,creado,modificado,modifico,activo)VALUES (4,'72 Horas','72','',72,'20020320 19:21:56','20020320 00:00:00',1,1)

INSERT INTO Cliente (cli_id,cli_nombre,cli_alias,cli_contacto,cli_razonsocial,cli_cuit,cli_ingresosbrutos,cli_catfiscal,cli_chequeorden,cli_codpostal,cli_localidad,cli_calle,cli_callenumero,cli_piso,cli_depto,cli_tel,cli_fax,cli_email,cli_web,pro_id,zon_id,creado,modificado,modifico,activo)VALUES (4,'Ejemplo 1','ej1','x','YPF-Repsol','25-35363658-0','x',1,'xxx','x','x','x','x','x','x','x','x','x','x',31,2,'20010624 10:54:45','20020320 00:00:00',1,1)


INSERT INTO Cobrador (cob_id,rel_id,cob_nombre,cob_alias,cob_descripcion,cob_comision,creado,modificado,modifico,activo)VALUES (3,2,'Cobrador 1','C1','Ventas Mayoristas',20,'20010208 09:39:34','20020320 00:00:00',1,1)


INSERT INTO CuentaCategoria (cuec_id,cuec_nombre,cuec_alias,creado,modificado,modifico,cuec_tipo)VALUES (1,'Documentos en Cartera','DC','20010203 20:30:01','20010203 20:30:01',1,1)
INSERT INTO CuentaCategoria (cuec_id,cuec_nombre,cuec_alias,creado,modificado,modifico,cuec_tipo)VALUES (2,'Bancos','BA','20010203 20:30:01','20010203 20:30:01',1,1)
INSERT INTO CuentaCategoria (cuec_id,cuec_nombre,cuec_alias,creado,modificado,modifico,cuec_tipo)VALUES (3,'Patrimoniales','PA','20010203 20:30:01','20010203 20:30:01',1,1)
GO
INSERT INTO CuentaCategoria (cuec_id,cuec_nombre,cuec_alias,creado,modificado,modifico,cuec_tipo)VALUES (4,'Deudores por venta','DV','20010203 20:30:01','20010203 20:30:01',1,1)
INSERT INTO CuentaCategoria (cuec_id,cuec_nombre,cuec_alias,creado,modificado,modifico,cuec_tipo)VALUES (5,'Bienes de uso','BU','20010203 20:30:01','20010203 20:30:01',1,1)
INSERT INTO CuentaCategoria (cuec_id,cuec_nombre,cuec_alias,creado,modificado,modifico,cuec_tipo)VALUES (6,'Bienes de Cambio','BC','20010203 20:30:01','20010203 20:30:01',1,1)
INSERT INTO CuentaCategoria (cuec_id,cuec_nombre,cuec_alias,creado,modificado,modifico,cuec_tipo)VALUES (7,'Cuentas fiscales','CF','20010203 20:30:01','20010203 20:30:01',1,1)
INSERT INTO CuentaCategoria (cuec_id,cuec_nombre,cuec_alias,creado,modificado,modifico,cuec_tipo)VALUES (8,'Acreedores por compras','AC','20010203 20:30:01','20010203 20:30:01',1,1)
INSERT INTO CuentaCategoria (cuec_id,cuec_nombre,cuec_alias,creado,modificado,modifico,cuec_tipo)VALUES (9,'Ingresos','IN','20010203 20:30:01','20010203 20:30:01',1,2)
INSERT INTO CuentaCategoria (cuec_id,cuec_nombre,cuec_alias,creado,modificado,modifico,cuec_tipo)VALUES (10,'Egresos','EG','20010203 20:30:01','20010203 20:30:01',1,2)
INSERT INTO CuentaCategoria (cuec_id,cuec_nombre,cuec_alias,creado,modificado,modifico,cuec_tipo)VALUES (12,'Costos de mercaderia vendida','CMV','20010203 20:30:01','20010203 20:30:01',1,2)
INSERT INTO CuentaCategoria (cuec_id,cuec_nombre,cuec_alias,creado,modificado,modifico,cuec_tipo)VALUES (13,'Otros','OT','20010203 20:30:01','20010203 20:30:01',1,3)
INSERT INTO CuentaCategoria (cuec_id,cuec_nombre,cuec_alias,creado,modificado,modifico,cuec_tipo)VALUES (14,'Caja','CJ','20010203 20:30:01','20010203 20:30:01',1,1)
GO
INSERT INTO CuentaCategoria (cuec_id,cuec_nombre,cuec_alias,creado,modificado,modifico,cuec_tipo)VALUES (15,'Bienes de Uso','BU','20010203 20:30:01','20010203 20:30:01',1,4)
INSERT INTO CuentaCategoria (cuec_id,cuec_nombre,cuec_alias,creado,modificado,modifico,cuec_tipo)VALUES (16,'Locaciones','LOC','20010203 20:30:01','20010203 20:30:01',1,4)
INSERT INTO CuentaCategoria (cuec_id,cuec_nombre,cuec_alias,creado,modificado,modifico,cuec_tipo)VALUES (17,'Servicios','SERV','20010203 20:30:01','20010203 20:30:01',1,4)
INSERT INTO CuentaCategoria (cuec_id,cuec_nombre,cuec_alias,creado,modificado,modifico,cuec_tipo)VALUES (18,'Bienes','BI','20010203 20:30:01','20010203 20:30:01',1,4)

INSERT INTO Cuenta (cue_id,cuec_id,cuec_id_libroiva,cue_id_banco,cue_descripcion,cue_nombre,cue_alias,cue_identificacionexterna,cue_llevacentrocosto,activo,creado,modificado,modifico)VALUES (6,7,NULL,NULL,'','Credito Fiscal','CF','2.1.05',0,1,'20010304 17:57:34','19050618 00:00:00',1)
INSERT INTO Cuenta (cue_id,cuec_id,cuec_id_libroiva,cue_id_banco,cue_descripcion,cue_nombre,cue_alias,cue_identificacionexterna,cue_llevacentrocosto,activo,creado,modificado,modifico)VALUES (7,9,NULL,NULL,'','Interes','INT','5.47',0,1,'20010306 08:58:19','19050616 00:00:00',1)
INSERT INTO Cuenta (cue_id,cuec_id,cuec_id_libroiva,cue_id_banco,cue_descripcion,cue_nombre,cue_alias,cue_identificacionexterna,cue_llevacentrocosto,activo,creado,modificado,modifico)VALUES (8,9,NULL,NULL,'','Adelantos a Terceros','AD. TER','3.01',0,1,'20010306 09:01:32','19050616 00:00:00',1)
INSERT INTO Cuenta (cue_id,cuec_id,cuec_id_libroiva,cue_id_banco,cue_descripcion,cue_nombre,cue_alias,cue_identificacionexterna,cue_llevacentrocosto,activo,creado,modificado,modifico)VALUES (9,9,NULL,NULL,'','Nota de Credito por Pronto Pago','NC PP','3.02',0,1,'20010306 09:03:11','19050616 00:00:00',1)
INSERT INTO Cuenta (cue_id,cuec_id,cuec_id_libroiva,cue_id_banco,cue_descripcion,cue_nombre,cue_alias,cue_identificacionexterna,cue_llevacentrocosto,activo,creado,modificado,modifico)VALUES (10,9,NULL,NULL,'','Plazo fijo Intereses','P','3.03',0,1,'20010306 09:04:17','19050616 00:00:00',1)
INSERT INTO Cuenta (cue_id,cuec_id,cuec_id_libroiva,cue_id_banco,cue_descripcion,cue_nombre,cue_alias,cue_identificacionexterna,cue_llevacentrocosto,activo,creado,modificado,modifico)VALUES (11,9,NULL,NULL,'','Prest. de serv. con intereses','PSI','3.04',0,1,'20010306 09:06:07','19050616 00:00:00',1)
GO
INSERT INTO Cuenta (cue_id,cuec_id,cuec_id_libroiva,cue_id_banco,cue_descripcion,cue_nombre,cue_alias,cue_identificacionexterna,cue_llevacentrocosto,activo,creado,modificado,modifico)VALUES (12,9,NULL,NULL,'','Recupero de gastos','RG','3.05',0,1,'20010306 09:07:02','19050616 00:00:00',1)
INSERT INTO Cuenta (cue_id,cuec_id,cuec_id_libroiva,cue_id_banco,cue_descripcion,cue_nombre,cue_alias,cue_identificacionexterna,cue_llevacentrocosto,activo,creado,modificado,modifico)VALUES (13,9,NULL,NULL,'','Recupero de siniestros','RS','3.06',0,1,'20010306 09:07:58','19050616 00:00:00',1)
INSERT INTO Cuenta (cue_id,cuec_id,cuec_id_libroiva,cue_id_banco,cue_descripcion,cue_nombre,cue_alias,cue_identificacionexterna,cue_llevacentrocosto,activo,creado,modificado,modifico)VALUES (14,9,NULL,NULL,'','Renta de titulos y acciones','RTA','3.07',0,1,'20010306 09:08:55','19050616 00:00:00',1)
INSERT INTO Cuenta (cue_id,cuec_id,cuec_id_libroiva,cue_id_banco,cue_descripcion,cue_nombre,cue_alias,cue_identificacionexterna,cue_llevacentrocosto,activo,creado,modificado,modifico)VALUES (15,9,NULL,NULL,'','Venta de Mercaderia','VE','3.08',0,1,'20010306 09:11:52','19050616 00:00:00',1)
INSERT INTO Cuenta (cue_id,cuec_id,cuec_id_libroiva,cue_id_banco,cue_descripcion,cue_nombre,cue_alias,cue_identificacionexterna,cue_llevacentrocosto,activo,creado,modificado,modifico)VALUES (16,9,18,NULL,'','Venta de Mercaderias','VM','3.09',0,1,'20010306 09:13:06','19050616 00:00:00',1)
INSERT INTO Cuenta (cue_id,cuec_id,cuec_id_libroiva,cue_id_banco,cue_descripcion,cue_nombre,cue_alias,cue_identificacionexterna,cue_llevacentrocosto,activo,creado,modificado,modifico)VALUES (17,9,NULL,NULL,'','Venta de paquetes de software','VPS','3.10',0,1,'20010306 09:14:04','19050616 00:00:00',1)
INSERT INTO Cuenta (cue_id,cuec_id,cuec_id_libroiva,cue_id_banco,cue_descripcion,cue_nombre,cue_alias,cue_identificacionexterna,cue_llevacentrocosto,activo,creado,modificado,modifico)VALUES (18,9,NULL,NULL,'','Venta de titulos y acciones','VTA','3.11',0,1,'20010306 09:14:42','19050616 00:00:00',1)
INSERT INTO Cuenta (cue_id,cuec_id,cuec_id_libroiva,cue_id_banco,cue_descripcion,cue_nombre,cue_alias,cue_identificacionexterna,cue_llevacentrocosto,activo,creado,modificado,modifico)VALUES (19,9,NULL,NULL,'','Concesion de Marcas','CM','3.12',0,1,'20010306 09:15:24','19050616 00:00:00',1)
INSERT INTO Cuenta (cue_id,cuec_id,cuec_id_libroiva,cue_id_banco,cue_descripcion,cue_nombre,cue_alias,cue_identificacionexterna,cue_llevacentrocosto,activo,creado,modificado,modifico)VALUES (20,9,15,NULL,'','Venta de bienes de uso','VB','3.13',0,1,'20010306 09:16:25','19050616 00:00:00',1)
INSERT INTO Cuenta (cue_id,cuec_id,cuec_id_libroiva,cue_id_banco,cue_descripcion,cue_nombre,cue_alias,cue_identificacionexterna,cue_llevacentrocosto,activo,creado,modificado,modifico)VALUES (21,9,NULL,NULL,'','Venta de insumos','VI','3.14',0,1,'20010306 09:17:15','19050616 00:00:00',1)
GO
INSERT INTO Cuenta (cue_id,cuec_id,cuec_id_libroiva,cue_id_banco,cue_descripcion,cue_nombre,cue_alias,cue_identificacionexterna,cue_llevacentrocosto,activo,creado,modificado,modifico)VALUES (22,9,NULL,NULL,'','Ventas Varias','VV','3.15',0,1,'20010306 09:17:49','19050616 00:00:00',1)
INSERT INTO Cuenta (cue_id,cuec_id,cuec_id_libroiva,cue_id_banco,cue_descripcion,cue_nombre,cue_alias,cue_identificacionexterna,cue_llevacentrocosto,activo,creado,modificado,modifico)VALUES (23,9,NULL,NULL,'','Descuentos obtenidos/Ing. varios','DO/IV','3.16',0,1,'20010306 09:19:22','19050616 00:00:00',1)
INSERT INTO Cuenta (cue_id,cuec_id,cuec_id_libroiva,cue_id_banco,cue_descripcion,cue_nombre,cue_alias,cue_identificacionexterna,cue_llevacentrocosto,activo,creado,modificado,modifico)VALUES (24,9,NULL,NULL,'','Diferencia Inventario','DIFINV','3.17',0,1,'20010306 09:20:24','19050616 00:00:00',1)
INSERT INTO Cuenta (cue_id,cuec_id,cuec_id_libroiva,cue_id_banco,cue_descripcion,cue_nombre,cue_alias,cue_identificacionexterna,cue_llevacentrocosto,activo,creado,modificado,modifico)VALUES (25,9,NULL,NULL,'','Int. Operativos/ Int. egresos','IO/IE','3.18',0,1,'20010306 09:21:31','19050616 00:00:00',1)
INSERT INTO Cuenta (cue_id,cuec_id,cuec_id_libroiva,cue_id_banco,cue_descripcion,cue_nombre,cue_alias,cue_identificacionexterna,cue_llevacentrocosto,activo,creado,modificado,modifico)VALUES (26,9,NULL,NULL,'','Nota de Credito difer. precios','NCDP','3.19',0,1,'20010306 09:22:30','19050616 00:00:00',1)
INSERT INTO Cuenta (cue_id,cuec_id,cuec_id_libroiva,cue_id_banco,cue_descripcion,cue_nombre,cue_alias,cue_identificacionexterna,cue_llevacentrocosto,activo,creado,modificado,modifico)VALUES (27,9,NULL,NULL,'','NOta de credito inicio de actividad','NCIAC','3.20',0,1,'20010306 09:23:24','19050616 00:00:00',1)
INSERT INTO Cuenta (cue_id,cuec_id,cuec_id_libroiva,cue_id_banco,cue_descripcion,cue_nombre,cue_alias,cue_identificacionexterna,cue_llevacentrocosto,activo,creado,modificado,modifico)VALUES (28,9,NULL,NULL,'','Nota de Credito por anulacion de fact.','NCAF','3.21',0,1,'20010306 09:24:14','19050616 00:00:00',1)
INSERT INTO Cuenta (cue_id,cuec_id,cuec_id_libroiva,cue_id_banco,cue_descripcion,cue_nombre,cue_alias,cue_identificacionexterna,cue_llevacentrocosto,activo,creado,modificado,modifico)VALUES (29,9,NULL,NULL,'','Nota de credito por devoluciones','NCD','3.22',0,1,'20010306 09:25:11','19050616 00:00:00',1)
INSERT INTO Cuenta (cue_id,cuec_id,cuec_id_libroiva,cue_id_banco,cue_descripcion,cue_nombre,cue_alias,cue_identificacionexterna,cue_llevacentrocosto,activo,creado,modificado,modifico)VALUES (30,9,NULL,NULL,'','Ingresos de Produccion','INGPRO','5.15',0,1,'20010306 09:26:08','19050616 00:00:00',1)
INSERT INTO Cuenta (cue_id,cuec_id,cuec_id_libroiva,cue_id_banco,cue_descripcion,cue_nombre,cue_alias,cue_identificacionexterna,cue_llevacentrocosto,activo,creado,modificado,modifico)VALUES (31,10,NULL,NULL,'','Alquileres gestion comercial','AG','4.02',0,1,'20010306 09:27:56','19050616 00:00:00',1)
GO
INSERT INTO Cuenta (cue_id,cuec_id,cuec_id_libroiva,cue_id_banco,cue_descripcion,cue_nombre,cue_alias,cue_identificacionexterna,cue_llevacentrocosto,activo,creado,modificado,modifico)VALUES (32,10,NULL,NULL,'','Cargas Sociales gastos adm.','CSGA','4.03',0,1,'20010306 09:29:18','19050616 00:00:00',1)
INSERT INTO Cuenta (cue_id,cuec_id,cuec_id_libroiva,cue_id_banco,cue_descripcion,cue_nombre,cue_alias,cue_identificacionexterna,cue_llevacentrocosto,activo,creado,modificado,modifico)VALUES (33,10,NULL,NULL,'','Cargas Sociales gestion com.','CS','4.04',0,1,'20010306 09:30:34','19050616 00:00:00',1)
INSERT INTO Cuenta (cue_id,cuec_id,cuec_id_libroiva,cue_id_banco,cue_descripcion,cue_nombre,cue_alias,cue_identificacionexterna,cue_llevacentrocosto,activo,creado,modificado,modifico)VALUES (34,10,NULL,NULL,'','Coms. no bancarias gastos fin.','CB','4.05',0,1,'20010306 09:32:05','19050616 00:00:00',1)
INSERT INTO Cuenta (cue_id,cuec_id,cuec_id_libroiva,cue_id_banco,cue_descripcion,cue_nombre,cue_alias,cue_identificacionexterna,cue_llevacentrocosto,activo,creado,modificado,modifico)VALUES (35,10,NULL,NULL,'','Comisiones bancarias gas. fin.','CBGF','4.06',0,1,'20010306 09:33:02','19050616 00:00:00',1)
INSERT INTO Cuenta (cue_id,cuec_id,cuec_id_libroiva,cue_id_banco,cue_descripcion,cue_nombre,cue_alias,cue_identificacionexterna,cue_llevacentrocosto,activo,creado,modificado,modifico)VALUES (36,10,NULL,NULL,'','Desc. concedidos gastos financ.','DC','4.07',0,1,'20010306 09:34:20','19050616 00:00:00',1)
INSERT INTO Cuenta (cue_id,cuec_id,cuec_id_libroiva,cue_id_banco,cue_descripcion,cue_nombre,cue_alias,cue_identificacionexterna,cue_llevacentrocosto,activo,creado,modificado,modifico)VALUES (37,10,NULL,NULL,'','Difer. cotiz. titulos y acciones','DCTA','4.08',0,1,'20010306 09:35:21','19050616 00:00:00',1)
INSERT INTO Cuenta (cue_id,cuec_id,cuec_id_libroiva,cue_id_banco,cue_descripcion,cue_nombre,cue_alias,cue_identificacionexterna,cue_llevacentrocosto,activo,creado,modificado,modifico)VALUES (38,10,NULL,NULL,'','Dif. de cambio gast. fin.','DCGF','4.09',0,1,'20010306 09:36:36','19050616 00:00:00',1)
INSERT INTO Cuenta (cue_id,cuec_id,cuec_id_libroiva,cue_id_banco,cue_descripcion,cue_nombre,cue_alias,cue_identificacionexterna,cue_llevacentrocosto,activo,creado,modificado,modifico)VALUES (39,10,17,NULL,'','Honorarios por serv. gas. fin.','HG','4.10',0,1,'20010306 09:38:58','19050616 00:00:00',1)
INSERT INTO Cuenta (cue_id,cuec_id,cuec_id_libroiva,cue_id_banco,cue_descripcion,cue_nombre,cue_alias,cue_identificacionexterna,cue_llevacentrocosto,activo,creado,modificado,modifico)VALUES (40,10,NULL,NULL,'','Honararios serv. gestion com.','HSGC','4.11',0,1,'20010306 09:40:29','19050616 00:00:00',1)
INSERT INTO Cuenta (cue_id,cuec_id,cuec_id_libroiva,cue_id_banco,cue_descripcion,cue_nombre,cue_alias,cue_identificacionexterna,cue_llevacentrocosto,activo,creado,modificado,modifico)VALUES (41,10,NULL,NULL,'','Ajuste por infla. Rei.por Tcia','AI','4.11',0,1,'20010306 09:41:49','19050616 00:00:00',1)
GO
INSERT INTO Cuenta (cue_id,cuec_id,cuec_id_libroiva,cue_id_banco,cue_descripcion,cue_nombre,cue_alias,cue_identificacionexterna,cue_llevacentrocosto,activo,creado,modificado,modifico)VALUES (42,10,NULL,NULL,'','Insumos Consumidos','IN1','4.13',0,1,'20010306 09:42:43','19050616 00:00:00',1)
INSERT INTO Cuenta (cue_id,cuec_id,cuec_id_libroiva,cue_id_banco,cue_descripcion,cue_nombre,cue_alias,cue_identificacionexterna,cue_llevacentrocosto,activo,creado,modificado,modifico)VALUES (43,10,NULL,NULL,'','Intereses a prov.gastos fin.','I','4.14',0,1,'20010306 09:43:53','19050616 00:00:00',1)
INSERT INTO Cuenta (cue_id,cuec_id,cuec_id_libroiva,cue_id_banco,cue_descripcion,cue_nombre,cue_alias,cue_identificacionexterna,cue_llevacentrocosto,activo,creado,modificado,modifico)VALUES (44,10,NULL,NULL,'','Intereses bancarios gast. fin','IB','4.15',0,1,'20010306 09:44:42','19050616 00:00:00',1)
INSERT INTO Cuenta (cue_id,cuec_id,cuec_id_libroiva,cue_id_banco,cue_descripcion,cue_nombre,cue_alias,cue_identificacionexterna,cue_llevacentrocosto,activo,creado,modificado,modifico)VALUES (45,10,NULL,NULL,'','Intereses por mora gast. fin.','IPM','4.16',0,1,'20010306 09:45:25','19050616 00:00:00',1)
INSERT INTO Cuenta (cue_id,cuec_id,cuec_id_libroiva,cue_id_banco,cue_descripcion,cue_nombre,cue_alias,cue_identificacionexterna,cue_llevacentrocosto,activo,creado,modificado,modifico)VALUES (46,10,NULL,NULL,'','Mano de obra directa','MO','4.17',0,1,'20010306 09:46:14','19050616 00:00:00',1)
INSERT INTO Cuenta (cue_id,cuec_id,cuec_id_libroiva,cue_id_banco,cue_descripcion,cue_nombre,cue_alias,cue_identificacionexterna,cue_llevacentrocosto,activo,creado,modificado,modifico)VALUES (47,3,NULL,NULL,'','Mercaderia a facturar','MERCAFACT','4.18',0,1,'20010306 09:47:07','19050616 00:00:00',1)
INSERT INTO Cuenta (cue_id,cuec_id,cuec_id_libroiva,cue_id_banco,cue_descripcion,cue_nombre,cue_alias,cue_identificacionexterna,cue_llevacentrocosto,activo,creado,modificado,modifico)VALUES (48,10,NULL,NULL,'','Movilidad y viaticos gast. adm.','MV','4.19',0,1,'20010306 09:48:05','19050616 00:00:00',1)
INSERT INTO Cuenta (cue_id,cuec_id,cuec_id_libroiva,cue_id_banco,cue_descripcion,cue_nombre,cue_alias,cue_identificacionexterna,cue_llevacentrocosto,activo,creado,modificado,modifico)VALUES (49,10,NULL,NULL,'','Movilidad y viaticos gast.com.','MVC','4.20',0,1,'20010306 09:49:45','19050616 00:00:00',1)
INSERT INTO Cuenta (cue_id,cuec_id,cuec_id_libroiva,cue_id_banco,cue_descripcion,cue_nombre,cue_alias,cue_identificacionexterna,cue_llevacentrocosto,activo,creado,modificado,modifico)VALUES (50,10,NULL,NULL,'','Muestras prod. term consumidas','MU','4.21',0,1,'20010306 09:50:42','19050616 00:00:00',1)
INSERT INTO Cuenta (cue_id,cuec_id,cuec_id_libroiva,cue_id_banco,cue_descripcion,cue_nombre,cue_alias,cue_identificacionexterna,cue_llevacentrocosto,activo,creado,modificado,modifico)VALUES (51,10,NULL,NULL,'','Papeleria y utiles gast. adm.','PP','4.22',0,1,'20010306 09:51:41','19050616 00:00:00',1)
GO
INSERT INTO Cuenta (cue_id,cuec_id,cuec_id_libroiva,cue_id_banco,cue_descripcion,cue_nombre,cue_alias,cue_identificacionexterna,cue_llevacentrocosto,activo,creado,modificado,modifico)VALUES (52,10,NULL,NULL,'','Ajuste por inflacion activo','AI','4.23',0,1,'20010306 09:52:37','19050616 00:00:00',1)
INSERT INTO Cuenta (cue_id,cuec_id,cuec_id_libroiva,cue_id_banco,cue_descripcion,cue_nombre,cue_alias,cue_identificacionexterna,cue_llevacentrocosto,activo,creado,modificado,modifico)VALUES (53,10,NULL,NULL,'','Papeleria y utiles gestion com.','PUC','4.24',0,1,'20010306 09:53:26','19050616 00:00:00',1)
INSERT INTO Cuenta (cue_id,cuec_id,cuec_id_libroiva,cue_id_banco,cue_descripcion,cue_nombre,cue_alias,cue_identificacionexterna,cue_llevacentrocosto,activo,creado,modificado,modifico)VALUES (54,10,NULL,NULL,'','Patentes e imp. autom.','PIA','4.25',0,1,'20010306 09:54:22','19050616 00:00:00',1)
INSERT INTO Cuenta (cue_id,cuec_id,cuec_id_libroiva,cue_id_banco,cue_descripcion,cue_nombre,cue_alias,cue_identificacionexterna,cue_llevacentrocosto,activo,creado,modificado,modifico)VALUES (55,10,16,NULL,'','Productos terminados y consumidos','PRT','4.27',0,1,'20010306 09:56:45','19050616 00:00:00',1)
INSERT INTO Cuenta (cue_id,cuec_id,cuec_id_libroiva,cue_id_banco,cue_descripcion,cue_nombre,cue_alias,cue_identificacionexterna,cue_llevacentrocosto,activo,creado,modificado,modifico)VALUES (56,10,NULL,NULL,'','Serv. gast.adm.','SGA','4.28',0,1,'20010306 09:57:53','19050616 00:00:00',1)
INSERT INTO Cuenta (cue_id,cuec_id,cuec_id_libroiva,cue_id_banco,cue_descripcion,cue_nombre,cue_alias,cue_identificacionexterna,cue_llevacentrocosto,activo,creado,modificado,modifico)VALUES (57,10,NULL,NULL,'','Servicios gestión comercial','SGC','4.29',0,1,'20010306 09:58:53','19050616 00:00:00',1)
INSERT INTO Cuenta (cue_id,cuec_id,cuec_id_libroiva,cue_id_banco,cue_descripcion,cue_nombre,cue_alias,cue_identificacionexterna,cue_llevacentrocosto,activo,creado,modificado,modifico)VALUES (58,10,NULL,NULL,'','Sueldo y jornales gastos adm','SJ','4.30',0,1,'20010306 10:01:35','19050616 00:00:00',1)
INSERT INTO Cuenta (cue_id,cuec_id,cuec_id_libroiva,cue_id_banco,cue_descripcion,cue_nombre,cue_alias,cue_identificacionexterna,cue_llevacentrocosto,activo,creado,modificado,modifico)VALUES (59,10,NULL,NULL,'','Sueldos y jornales gest.com.','SJC','4.31',0,1,'20010306 10:02:11','19050616 00:00:00',1)
INSERT INTO Cuenta (cue_id,cuec_id,cuec_id_libroiva,cue_id_banco,cue_descripcion,cue_nombre,cue_alias,cue_identificacionexterna,cue_llevacentrocosto,activo,creado,modificado,modifico)VALUES (60,10,NULL,NULL,'','Ajuste por inflación pasivo','AIP','4.32',0,1,'20010306 10:03:13','19050616 00:00:00',1)
INSERT INTO Cuenta (cue_id,cuec_id,cuec_id_libroiva,cue_id_banco,cue_descripcion,cue_nombre,cue_alias,cue_identificacionexterna,cue_llevacentrocosto,activo,creado,modificado,modifico)VALUES (61,10,NULL,NULL,'','Ajuste por inflación pat.neto','AIPN','4.33',0,1,'20010306 10:03:55','19050616 00:00:00',1)
GO
INSERT INTO Cuenta (cue_id,cuec_id,cuec_id_libroiva,cue_id_banco,cue_descripcion,cue_nombre,cue_alias,cue_identificacionexterna,cue_llevacentrocosto,activo,creado,modificado,modifico)VALUES (62,10,NULL,NULL,'','Ajuste por inflación rdo.neg.','AIRN','4.34',0,1,'20010306 10:04:38','19050616 00:00:00',1)
INSERT INTO Cuenta (cue_id,cuec_id,cuec_id_libroiva,cue_id_banco,cue_descripcion,cue_nombre,cue_alias,cue_identificacionexterna,cue_llevacentrocosto,activo,creado,modificado,modifico)VALUES (63,10,NULL,NULL,'','Ajuste por inflación rdo.pos.','AIRP','4.35',0,1,'20010306 10:06:18','19050616 00:00:00',1)
INSERT INTO Cuenta (cue_id,cuec_id,cuec_id_libroiva,cue_id_banco,cue_descripcion,cue_nombre,cue_alias,cue_identificacionexterna,cue_llevacentrocosto,activo,creado,modificado,modifico)VALUES (64,10,NULL,NULL,'','Ajustes redondeos gastos fin.','ARGF','4.36',0,1,'20010306 10:07:12','19050616 00:00:00',1)
INSERT INTO Cuenta (cue_id,cuec_id,cuec_id_libroiva,cue_id_banco,cue_descripcion,cue_nombre,cue_alias,cue_identificacionexterna,cue_llevacentrocosto,activo,creado,modificado,modifico)VALUES (65,10,NULL,NULL,'','Alquileres gastos administrat.','AGA','4.37',0,1,'20010306 10:07:44','19050616 00:00:00',1)
INSERT INTO Cuenta (cue_id,cuec_id,cuec_id_libroiva,cue_id_banco,cue_descripcion,cue_nombre,cue_alias,cue_identificacionexterna,cue_llevacentrocosto,activo,creado,modificado,modifico)VALUES (66,10,NULL,NULL,'','Ajuste por infl. rdo. post.','APIRP','4.35',0,1,'20010308 17:58:06','19050614 00:00:00',1)
INSERT INTO Cuenta (cue_id,cuec_id,cuec_id_libroiva,cue_id_banco,cue_descripcion,cue_nombre,cue_alias,cue_identificacionexterna,cue_llevacentrocosto,activo,creado,modificado,modifico)VALUES (67,10,NULL,NULL,'','Ajustes redondeos gastos fin.','ARGF','4.36',0,1,'20010308 17:58:47','19050614 00:00:00',1)
INSERT INTO Cuenta (cue_id,cuec_id,cuec_id_libroiva,cue_id_banco,cue_descripcion,cue_nombre,cue_alias,cue_identificacionexterna,cue_llevacentrocosto,activo,creado,modificado,modifico)VALUES (68,10,NULL,NULL,'','Alquileres gastos administrat.','AGA','4.37',0,1,'20010308 17:59:31','19050614 00:00:00',1)
INSERT INTO Cuenta (cue_id,cuec_id,cuec_id_libroiva,cue_id_banco,cue_descripcion,cue_nombre,cue_alias,cue_identificacionexterna,cue_llevacentrocosto,activo,creado,modificado,modifico)VALUES (69,3,NULL,NULL,'','A.R.T.N.','ARTN','5.01',0,1,'20010308 18:05:14','19050614 00:00:00',1)
INSERT INTO Cuenta (cue_id,cuec_id,cuec_id_libroiva,cue_id_banco,cue_descripcion,cue_nombre,cue_alias,cue_identificacionexterna,cue_llevacentrocosto,activo,creado,modificado,modifico)VALUES (70,3,NULL,NULL,'','Capital social','CS','5.02',0,1,'20010308 18:05:52','19050614 00:00:00',1)
INSERT INTO Cuenta (cue_id,cuec_id,cuec_id_libroiva,cue_id_banco,cue_descripcion,cue_nombre,cue_alias,cue_identificacionexterna,cue_llevacentrocosto,activo,creado,modificado,modifico)VALUES (71,3,NULL,NULL,'','Clientes a Facturar','CF','5.03',0,1,'20010308 18:06:34','19050614 00:00:00',1)
GO
INSERT INTO Cuenta (cue_id,cuec_id,cuec_id_libroiva,cue_id_banco,cue_descripcion,cue_nombre,cue_alias,cue_identificacionexterna,cue_llevacentrocosto,activo,creado,modificado,modifico)VALUES (72,3,NULL,NULL,'','Clientes a Remitir','CR','5.04',0,1,'20010308 18:07:20','19050614 00:00:00',1)
INSERT INTO Cuenta (cue_id,cuec_id,cuec_id_libroiva,cue_id_banco,cue_descripcion,cue_nombre,cue_alias,cue_identificacionexterna,cue_llevacentrocosto,activo,creado,modificado,modifico)VALUES (73,3,NULL,NULL,'','Compras a pagar','CP','5.05',0,1,'20010308 18:07:56','19050614 00:00:00',1)
INSERT INTO Cuenta (cue_id,cuec_id,cuec_id_libroiva,cue_id_banco,cue_descripcion,cue_nombre,cue_alias,cue_identificacionexterna,cue_llevacentrocosto,activo,creado,modificado,modifico)VALUES (74,3,NULL,NULL,'','Cuenta puente','CP','5.06',0,1,'20010308 18:08:37','19050614 00:00:00',1)
INSERT INTO Cuenta (cue_id,cuec_id,cuec_id_libroiva,cue_id_banco,cue_descripcion,cue_nombre,cue_alias,cue_identificacionexterna,cue_llevacentrocosto,activo,creado,modificado,modifico)VALUES (75,3,NULL,NULL,'','Cupones a cobrar','CC','5.7',0,1,'20010308 18:10:03','19050614 00:00:00',1)
INSERT INTO Cuenta (cue_id,cuec_id,cuec_id_libroiva,cue_id_banco,cue_descripcion,cue_nombre,cue_alias,cue_identificacionexterna,cue_llevacentrocosto,activo,creado,modificado,modifico)VALUES (76,3,NULL,NULL,'','Cupones de reintegro','CR','5.08',0,1,'20010308 18:10:40','19050614 00:00:00',1)
INSERT INTO Cuenta (cue_id,cuec_id,cuec_id_libroiva,cue_id_banco,cue_descripcion,cue_nombre,cue_alias,cue_identificacionexterna,cue_llevacentrocosto,activo,creado,modificado,modifico)VALUES (77,3,NULL,NULL,'','Cupones Presentados','CP','5.09',0,1,'20010308 18:11:13','19050614 00:00:00',1)
INSERT INTO Cuenta (cue_id,cuec_id,cuec_id_libroiva,cue_id_banco,cue_descripcion,cue_nombre,cue_alias,cue_identificacionexterna,cue_llevacentrocosto,activo,creado,modificado,modifico)VALUES (78,3,NULL,NULL,'','Cupones Rechazados','CR','5.10',0,1,'20010308 18:12:42','19050614 00:00:00',1)
INSERT INTO Cuenta (cue_id,cuec_id,cuec_id_libroiva,cue_id_banco,cue_descripcion,cue_nombre,cue_alias,cue_identificacionexterna,cue_llevacentrocosto,activo,creado,modificado,modifico)VALUES (79,3,NULL,NULL,'','Dividendos a pagar','DP','5.11',0,1,'20010308 18:13:17','19050614 00:00:00',1)
INSERT INTO Cuenta (cue_id,cuec_id,cuec_id_libroiva,cue_id_banco,cue_descripcion,cue_nombre,cue_alias,cue_identificacionexterna,cue_llevacentrocosto,activo,creado,modificado,modifico)VALUES (80,3,NULL,NULL,'','Actual.val.orig.gast.de organ.','12','5.12',0,1,'20010308 18:14:15','19050614 00:00:00',1)
INSERT INTO Cuenta (cue_id,cuec_id,cuec_id_libroiva,cue_id_banco,cue_descripcion,cue_nombre,cue_alias,cue_identificacionexterna,cue_llevacentrocosto,activo,creado,modificado,modifico)VALUES (81,3,NULL,NULL,'','Documentos del país','DOCP','5.13',0,1,'20010308 18:14:59','19050614 00:00:00',1)
GO
INSERT INTO Cuenta (cue_id,cuec_id,cuec_id_libroiva,cue_id_banco,cue_descripcion,cue_nombre,cue_alias,cue_identificacionexterna,cue_llevacentrocosto,activo,creado,modificado,modifico)VALUES (82,3,NULL,NULL,'','Honorarios a pagar','HP','5.14',0,1,'20010308 18:15:49','19050614 00:00:00',1)
INSERT INTO Cuenta (cue_id,cuec_id,cuec_id_libroiva,cue_id_banco,cue_descripcion,cue_nombre,cue_alias,cue_identificacionexterna,cue_llevacentrocosto,activo,creado,modificado,modifico)VALUES (83,3,NULL,NULL,'','Intereses a devengar','ID','5.17',0,1,'20010308 18:16:19','19050614 00:00:00',1)
INSERT INTO Cuenta (cue_id,cuec_id,cuec_id_libroiva,cue_id_banco,cue_descripcion,cue_nombre,cue_alias,cue_identificacionexterna,cue_llevacentrocosto,activo,creado,modificado,modifico)VALUES (84,3,NULL,NULL,'','Jornales a pagar','JP','5.18',0,1,'20010308 18:17:14','19050614 00:00:00',1)
INSERT INTO Cuenta (cue_id,cuec_id,cuec_id_libroiva,cue_id_banco,cue_descripcion,cue_nombre,cue_alias,cue_identificacionexterna,cue_llevacentrocosto,activo,creado,modificado,modifico)VALUES (85,3,NULL,NULL,'','Muestras de P.terminado consumidas','MP','5.19',0,1,'20010308 18:17:48','19050614 00:00:00',1)
INSERT INTO Cuenta (cue_id,cuec_id,cuec_id_libroiva,cue_id_banco,cue_descripcion,cue_nombre,cue_alias,cue_identificacionexterna,cue_llevacentrocosto,activo,creado,modificado,modifico)VALUES (86,3,NULL,NULL,'','Pasivos varios','PV','5.20',0,1,'20010308 18:18:19','19050614 00:00:00',1)
INSERT INTO Cuenta (cue_id,cuec_id,cuec_id_libroiva,cue_id_banco,cue_descripcion,cue_nombre,cue_alias,cue_identificacionexterna,cue_llevacentrocosto,activo,creado,modificado,modifico)VALUES (87,3,NULL,NULL,'','Plazos fijos','PF','5.21',0,1,'20010308 18:18:48','19050614 00:00:00',1)
INSERT INTO Cuenta (cue_id,cuec_id,cuec_id_libroiva,cue_id_banco,cue_descripcion,cue_nombre,cue_alias,cue_identificacionexterna,cue_llevacentrocosto,activo,creado,modificado,modifico)VALUES (88,3,NULL,NULL,'','Prima de emisión de acciones','PEA','5.21',0,1,'20010308 18:19:36','19050614 00:00:00',1)
INSERT INTO Cuenta (cue_id,cuec_id,cuec_id_libroiva,cue_id_banco,cue_descripcion,cue_nombre,cue_alias,cue_identificacionexterna,cue_llevacentrocosto,activo,creado,modificado,modifico)VALUES (89,3,NULL,NULL,'','Actual.valor origen marcas','DSVA','5.23',0,1,'20010308 18:20:15','19050614 00:00:00',1)
INSERT INTO Cuenta (cue_id,cuec_id,cuec_id_libroiva,cue_id_banco,cue_descripcion,cue_nombre,cue_alias,cue_identificacionexterna,cue_llevacentrocosto,activo,creado,modificado,modifico)VALUES (90,3,NULL,NULL,'','Prod.Terminados Consumidos','PT','5.24',0,1,'20010308 18:21:23','19050614 00:00:00',1)
INSERT INTO Cuenta (cue_id,cuec_id,cuec_id_libroiva,cue_id_banco,cue_descripcion,cue_nombre,cue_alias,cue_identificacionexterna,cue_llevacentrocosto,activo,creado,modificado,modifico)VALUES (91,3,NULL,NULL,'','Proveedores','P','5.25',0,1,'20010308 18:21:51','19050614 00:00:00',1)
GO
INSERT INTO Cuenta (cue_id,cuec_id,cuec_id_libroiva,cue_id_banco,cue_descripcion,cue_nombre,cue_alias,cue_identificacionexterna,cue_llevacentrocosto,activo,creado,modificado,modifico)VALUES (92,3,NULL,NULL,'','Provisión de servicios','PS','5.26',0,1,'20010308 18:22:24','19050614 00:00:00',1)
INSERT INTO Cuenta (cue_id,cuec_id,cuec_id_libroiva,cue_id_banco,cue_descripcion,cue_nombre,cue_alias,cue_identificacionexterna,cue_llevacentrocosto,activo,creado,modificado,modifico)VALUES (93,3,NULL,NULL,'','Provisiones facturas a recibir','PFR','5.27',0,1,'20010308 18:22:59','19050614 00:00:00',1)
INSERT INTO Cuenta (cue_id,cuec_id,cuec_id_libroiva,cue_id_banco,cue_descripcion,cue_nombre,cue_alias,cue_identificacionexterna,cue_llevacentrocosto,activo,creado,modificado,modifico)VALUES (94,3,NULL,NULL,'','Provisiones ingresos brutos','PIB','5.28',0,1,'20010308 18:23:31','19050614 00:00:00',1)
INSERT INTO Cuenta (cue_id,cuec_id,cuec_id_libroiva,cue_id_banco,cue_descripcion,cue_nombre,cue_alias,cue_identificacionexterna,cue_llevacentrocosto,activo,creado,modificado,modifico)VALUES (95,3,NULL,NULL,'','Reserva facultativa','RF','5.29',0,1,'20010308 18:24:09','19050614 00:00:00',1)
INSERT INTO Cuenta (cue_id,cuec_id,cuec_id_libroiva,cue_id_banco,cue_descripcion,cue_nombre,cue_alias,cue_identificacionexterna,cue_llevacentrocosto,activo,creado,modificado,modifico)VALUES (96,3,NULL,NULL,'','Reserva legal','RL','5.30',0,1,'20010308 18:24:49','19050614 00:00:00',1)
INSERT INTO Cuenta (cue_id,cuec_id,cuec_id_libroiva,cue_id_banco,cue_descripcion,cue_nombre,cue_alias,cue_identificacionexterna,cue_llevacentrocosto,activo,creado,modificado,modifico)VALUES (97,3,NULL,NULL,'','Resultados acumulados','RA','5.31',0,1,'20010308 18:25:14','19050614 00:00:00',1)
INSERT INTO Cuenta (cue_id,cuec_id,cuec_id_libroiva,cue_id_banco,cue_descripcion,cue_nombre,cue_alias,cue_identificacionexterna,cue_llevacentrocosto,activo,creado,modificado,modifico)VALUES (98,3,NULL,NULL,'','Resultados del ejercicio','RE','5.32',0,1,'20010308 18:26:37','19050614 00:00:00',1)
INSERT INTO Cuenta (cue_id,cuec_id,cuec_id_libroiva,cue_id_banco,cue_descripcion,cue_nombre,cue_alias,cue_identificacionexterna,cue_llevacentrocosto,activo,creado,modificado,modifico)VALUES (99,3,NULL,NULL,'','Retenciones gananc./créd.imp.','RG/CI','5.33',0,1,'20010308 18:27:19','19050614 00:00:00',1)
INSERT INTO Cuenta (cue_id,cuec_id,cuec_id_libroiva,cue_id_banco,cue_descripcion,cue_nombre,cue_alias,cue_identificacionexterna,cue_llevacentrocosto,activo,creado,modificado,modifico)VALUES (100,3,NULL,NULL,'','Ajuste de capital','AJ','5.34',0,1,'20010308 18:27:44','19050614 00:00:00',1)
INSERT INTO Cuenta (cue_id,cuec_id,cuec_id_libroiva,cue_id_banco,cue_descripcion,cue_nombre,cue_alias,cue_identificacionexterna,cue_llevacentrocosto,activo,creado,modificado,modifico)VALUES (101,3,NULL,NULL,'','Seguros a devengar','SD','5.35',0,1,'20010308 18:28:11','19050614 00:00:00',1)
GO
INSERT INTO Cuenta (cue_id,cuec_id,cuec_id_libroiva,cue_id_banco,cue_descripcion,cue_nombre,cue_alias,cue_identificacionexterna,cue_llevacentrocosto,activo,creado,modificado,modifico)VALUES (102,3,NULL,NULL,'','Sueldos a pagar','SP','5.36',0,1,'20010308 18:29:18','19050614 00:00:00',1)
INSERT INTO Cuenta (cue_id,cuec_id,cuec_id_libroiva,cue_id_banco,cue_descripcion,cue_nombre,cue_alias,cue_identificacionexterna,cue_llevacentrocosto,activo,creado,modificado,modifico)VALUES (103,3,NULL,NULL,'','Titulos y bonos','TB','5.37',0,1,'20010308 18:29:54','19050614 00:00:00',1)
INSERT INTO Cuenta (cue_id,cuec_id,cuec_id_libroiva,cue_id_banco,cue_descripcion,cue_nombre,cue_alias,cue_identificacionexterna,cue_llevacentrocosto,activo,creado,modificado,modifico)VALUES (104,3,NULL,NULL,'','Valor origen gast.organización','VOGO','5.38',0,1,'20010308 18:30:26','19050614 00:00:00',1)
INSERT INTO Cuenta (cue_id,cuec_id,cuec_id_libroiva,cue_id_banco,cue_descripcion,cue_nombre,cue_alias,cue_identificacionexterna,cue_llevacentrocosto,activo,creado,modificado,modifico)VALUES (105,3,NULL,NULL,'','Valor origen marcas','VOM','5.39',0,1,'20010308 18:31:02','19050614 00:00:00',1)
INSERT INTO Cuenta (cue_id,cuec_id,cuec_id_libroiva,cue_id_banco,cue_descripcion,cue_nombre,cue_alias,cue_identificacionexterna,cue_llevacentrocosto,activo,creado,modificado,modifico)VALUES (106,3,NULL,NULL,'','Valores a depositar','VD','5.40',0,1,'20010308 18:31:31','19050614 00:00:00',1)
INSERT INTO Cuenta (cue_id,cuec_id,cuec_id_libroiva,cue_id_banco,cue_descripcion,cue_nombre,cue_alias,cue_identificacionexterna,cue_llevacentrocosto,activo,creado,modificado,modifico)VALUES (107,3,NULL,NULL,'','Ventas a pagar','VP','5.41',0,1,'20010308 18:32:04','19050614 00:00:00',1)
INSERT INTO Cuenta (cue_id,cuec_id,cuec_id_libroiva,cue_id_banco,cue_descripcion,cue_nombre,cue_alias,cue_identificacionexterna,cue_llevacentrocosto,activo,creado,modificado,modifico)VALUES (108,3,NULL,NULL,'','Ventas a remitir','VR','5.42',0,1,'20010308 18:32:37','19050614 00:00:00',1)
INSERT INTO Cuenta (cue_id,cuec_id,cuec_id_libroiva,cue_id_banco,cue_descripcion,cue_nombre,cue_alias,cue_identificacionexterna,cue_llevacentrocosto,activo,creado,modificado,modifico)VALUES (109,3,NULL,NULL,'','Alquileres a devengar','AD','5.43',0,1,'20010308 18:33:03','19050614 00:00:00',1)
INSERT INTO Cuenta (cue_id,cuec_id,cuec_id_libroiva,cue_id_banco,cue_descripcion,cue_nombre,cue_alias,cue_identificacionexterna,cue_llevacentrocosto,activo,creado,modificado,modifico)VALUES (110,3,NULL,NULL,'','Amort.acum.gast.organización','AAGO','5.44',0,1,'20010308 18:33:56','19050614 00:00:00',1)
INSERT INTO Cuenta (cue_id,cuec_id,cuec_id_libroiva,cue_id_banco,cue_descripcion,cue_nombre,cue_alias,cue_identificacionexterna,cue_llevacentrocosto,activo,creado,modificado,modifico)VALUES (111,3,NULL,NULL,'','Anticipo a proveedores','AP','5.45',0,1,'20010308 18:34:24','19050614 00:00:00',1)
GO
INSERT INTO Cuenta (cue_id,cuec_id,cuec_id_libroiva,cue_id_banco,cue_descripcion,cue_nombre,cue_alias,cue_identificacionexterna,cue_llevacentrocosto,activo,creado,modificado,modifico)VALUES (112,3,NULL,NULL,'','Anticipos al personal','AP','5.46',0,1,'20010308 18:34:48','19050614 00:00:00',1)
INSERT INTO Cuenta (cue_id,cuec_id,cuec_id_libroiva,cue_id_banco,cue_descripcion,cue_nombre,cue_alias,cue_identificacionexterna,cue_llevacentrocosto,activo,creado,modificado,modifico)VALUES (113,3,NULL,NULL,'','Anticipos gananc/crédit.impos.','AG/CI','5.47',0,1,'20010308 18:35:21','19050614 00:00:00',1)
INSERT INTO Cuenta (cue_id,cuec_id,cuec_id_libroiva,cue_id_banco,cue_descripcion,cue_nombre,cue_alias,cue_identificacionexterna,cue_llevacentrocosto,activo,creado,modificado,modifico)VALUES (114,6,17,NULL,'','Materias Primas','MO','',0,1,'20010308 18:37:42','19050614 00:00:00',1)
INSERT INTO Cuenta (cue_id,cuec_id,cuec_id_libroiva,cue_id_banco,cue_descripcion,cue_nombre,cue_alias,cue_identificacionexterna,cue_llevacentrocosto,activo,creado,modificado,modifico)VALUES (115,6,16,NULL,'','Bases elaboradas','BE','1.4.01',0,1,'20010308 18:38:59','19050531 00:00:00',1)
INSERT INTO Cuenta (cue_id,cuec_id,cuec_id_libroiva,cue_id_banco,cue_descripcion,cue_nombre,cue_alias,cue_identificacionexterna,cue_llevacentrocosto,activo,creado,modificado,modifico)VALUES (116,6,NULL,NULL,'','Bases en elaboración','BE','1.4.02',0,1,'20010308 18:39:42','19050614 00:00:00',1)
INSERT INTO Cuenta (cue_id,cuec_id,cuec_id_libroiva,cue_id_banco,cue_descripcion,cue_nombre,cue_alias,cue_identificacionexterna,cue_llevacentrocosto,activo,creado,modificado,modifico)VALUES (117,6,16,NULL,'','Materias primas','MP','1.4.04',0,1,'20010308 18:40:31','19050531 00:00:00',1)
INSERT INTO Cuenta (cue_id,cuec_id,cuec_id_libroiva,cue_id_banco,cue_descripcion,cue_nombre,cue_alias,cue_identificacionexterna,cue_llevacentrocosto,activo,creado,modificado,modifico)VALUES (118,6,NULL,NULL,'','Productos en proceso','PP','1.4.05',0,1,'20010308 18:41:10','19050614 00:00:00',1)
INSERT INTO Cuenta (cue_id,cuec_id,cuec_id_libroiva,cue_id_banco,cue_descripcion,cue_nombre,cue_alias,cue_identificacionexterna,cue_llevacentrocosto,activo,creado,modificado,modifico)VALUES (119,6,15,NULL,'','Productos teminados','PT','1.4.06',0,1,'20010308 18:42:01','19050531 00:00:00',1)
INSERT INTO Cuenta (cue_id,cuec_id,cuec_id_libroiva,cue_id_banco,cue_descripcion,cue_nombre,cue_alias,cue_identificacionexterna,cue_llevacentrocosto,activo,creado,modificado,modifico)VALUES (120,3,NULL,NULL,'','Insumos consumidos 2','IN2','5.16',0,1,'20010308 18:42:54','19050614 00:00:00',1)
INSERT INTO Cuenta (cue_id,cuec_id,cuec_id_libroiva,cue_id_banco,cue_descripcion,cue_nombre,cue_alias,cue_identificacionexterna,cue_llevacentrocosto,activo,creado,modificado,modifico)VALUES (121,14,NULL,NULL,'Caja de efectivo','Caja Efvo','CJEF','',0,1,'20020320 18:52:43','20020320 00:00:00',1)
GO
INSERT INTO Cuenta (cue_id,cuec_id,cuec_id_libroiva,cue_id_banco,cue_descripcion,cue_nombre,cue_alias,cue_identificacionexterna,cue_llevacentrocosto,activo,creado,modificado,modifico)VALUES (122,1,NULL,NULL,'','Documento en cartera','DCAR','',0,1,'20020320 18:54:05','20020320 00:00:00',1)
INSERT INTO Cuenta (cue_id,cuec_id,cuec_id_libroiva,cue_id_banco,cue_descripcion,cue_nombre,cue_alias,cue_identificacionexterna,cue_llevacentrocosto,activo,creado,modificado,modifico)VALUES (123,4,NULL,NULL,'','Deudores por ventas','DEVV','',0,1,'20020320 18:56:48','20020320 00:00:00',1)
INSERT INTO Cuenta (cue_id,cuec_id,cuec_id_libroiva,cue_id_banco,cue_descripcion,cue_nombre,cue_alias,cue_identificacionexterna,cue_llevacentrocosto,activo,creado,modificado,modifico)VALUES (124,5,NULL,NULL,'','Muebles y Utiles','MYU','',0,1,'20020320 18:58:19','20020320 00:00:00',1)
INSERT INTO Cuenta (cue_id,cuec_id,cuec_id_libroiva,cue_id_banco,cue_descripcion,cue_nombre,cue_alias,cue_identificacionexterna,cue_llevacentrocosto,activo,creado,modificado,modifico)VALUES (125,8,NULL,NULL,'','Proveedore varios','PROVV','',0,1,'20020320 18:59:04','20020320 00:00:00',1)
INSERT INTO Cuenta (cue_id,cuec_id,cuec_id_libroiva,cue_id_banco,cue_descripcion,cue_nombre,cue_alias,cue_identificacionexterna,cue_llevacentrocosto,activo,creado,modificado,modifico)VALUES (126,10,NULL,NULL,'','Costo de mercaderias','COSTMV','',0,1,'20020320 19:00:33','20020320 00:00:00',1)


INSERT INTO DepositoFisico (depf_id,depf_nombre,depf_alias,depf_descripcion,creado,modificado,modifico,activo)VALUES (2,'Ejemplo 1','EJ1','','20010130 23:22:15','20020320 00:00:00',1,1)

INSERT INTO DepositoLogico (depl_id,depf_id,depl_nombre,depl_alias,depl_descripcion,creado,modificado,modifico,activo)VALUES (4,2,'Ejemplo 1','EJ1','','20010130 23:50:40','20020320 00:00:00',1,1)





INSERT INTO Escala (esc_id,esc_nombre,esc_alias,creado,modificado,modifico,activo)VALUES (1,'Distancia','D','20020320 19:31:21','20020320 00:00:00',1,1)
INSERT INTO Escala (esc_id,esc_nombre,esc_alias,creado,modificado,modifico,activo)VALUES (2,'Peso','P','20020320 19:31:29','20020320 00:00:00',1,1)
INSERT INTO Escala (esc_id,esc_nombre,esc_alias,creado,modificado,modifico,activo)VALUES (3,'Unidad','U','20020320 19:31:35','20020320 00:00:00',1,1)
GO
INSERT INTO Escala (esc_id,esc_nombre,esc_alias,creado,modificado,modifico,activo)VALUES (4,'Volumen','V','20020320 19:31:42','20020320 00:00:00',1,1)


INSERT INTO Leyenda (ley_id,ley_nombre,ley_alias,ley_descripcion,ley_texto,activo,creado,modificado,modifico)VALUES (5,'Pago Dolares','DOLARES','Ley de convertibilidad','Cada dolar es un peso',1,'20010211 23:38:56','19050609 00:00:00',1)

INSERT INTO Moneda (mon_id,mon_nombre,mon_alias,mon_signo,activo,modifico,creado,modificado)VALUES (1,'Libra Esterlina','LIBRERINA','$',1,1,'20010131 21:43:53','20020320 00:00:00')
INSERT INTO Moneda (mon_id,mon_nombre,mon_alias,mon_signo,activo,modifico,creado,modificado)VALUES (2,'Pesos','P','$',1,1,'20020320 19:07:51','20020320 00:00:00')
INSERT INTO Moneda (mon_id,mon_nombre,mon_alias,mon_signo,activo,modifico,creado,modificado)VALUES (3,'Dolares','D','u$s',1,1,'20020320 19:08:11','20020320 00:00:00')

INSERT INTO Prestacion (pre_id,pre_nombre,creado,modificado,pre_grupo,activo)VALUES (1,'Agregar Arbol','20000725 00:35:44','20000725 00:35:44','Arboles',1)
INSERT INTO Prestacion (pre_id,pre_nombre,creado,modificado,pre_grupo,activo)VALUES (2,'Borrar Arbol','20000725 00:36:53','20000725 00:36:53','Arboles',1)
INSERT INTO Prestacion (pre_id,pre_nombre,creado,modificado,pre_grupo,activo)VALUES (3,'Renombrar Arbol','20000725 00:36:54','20000725 00:36:54','Arboles',1)
INSERT INTO Prestacion (pre_id,pre_nombre,creado,modificado,pre_grupo,activo)VALUES (4,'Agrega Rama','20000725 00:36:54','20000725 00:36:54','Arboles',1)
INSERT INTO Prestacion (pre_id,pre_nombre,creado,modificado,pre_grupo,activo)VALUES (5,'Borrar Rama','20000725 00:36:54','20000725 00:36:54','Arboles',1)
GO
INSERT INTO Prestacion (pre_id,pre_nombre,creado,modificado,pre_grupo,activo)VALUES (6,'Renombrar Rama','20000725 00:37:36','20000725 00:37:36','Arboles',1)
INSERT INTO Prestacion (pre_id,pre_nombre,creado,modificado,pre_grupo,activo)VALUES (7,'Editar Rama','20000725 00:37:39','20000725 00:37:39','Arboles',1)
INSERT INTO Prestacion (pre_id,pre_nombre,creado,modificado,pre_grupo,activo)VALUES (8,'Conceder Permiso','20000725 00:37:39','20000725 00:37:39','Permisos',1)
INSERT INTO Prestacion (pre_id,pre_nombre,creado,modificado,pre_grupo,activo)VALUES (9,'Quitar Permiso','20000725 00:37:40','20000725 00:37:40','Permisos',1)
INSERT INTO Prestacion (pre_id,pre_nombre,creado,modificado,pre_grupo,activo)VALUES (10,'Listar Usuarios por Pantalla','20000924 16:42:56','20000924 16:42:56','Usuarios',1)
INSERT INTO Prestacion (pre_id,pre_nombre,creado,modificado,pre_grupo,activo)VALUES (11,'Agregar Usuarios','20000924 16:42:56','20000924 16:42:56','Usuarios',1)
INSERT INTO Prestacion (pre_id,pre_nombre,creado,modificado,pre_grupo,activo)VALUES (12,'Modificar datos de Usuarios','20000924 16:42:56','20000924 16:42:56','Usuarios',1)
INSERT INTO Prestacion (pre_id,pre_nombre,creado,modificado,pre_grupo,activo)VALUES (13,'Eliminar Usuarios','20000924 16:42:56','20000924 16:42:56','Usuarios',1)
INSERT INTO Prestacion (pre_id,pre_nombre,creado,modificado,pre_grupo,activo)VALUES (14,'Listar Roles por Pantalla','20010128 13:51:55','20010128 13:51:55','Roles',1)
INSERT INTO Prestacion (pre_id,pre_nombre,creado,modificado,pre_grupo,activo)VALUES (15,'Agregar Roles','20010128 13:51:55','20010128 13:51:55','Roles',1)
GO
INSERT INTO Prestacion (pre_id,pre_nombre,creado,modificado,pre_grupo,activo)VALUES (16,'Modificar datos de Roles','20010128 13:51:55','20010128 13:51:55','Roles',1)
INSERT INTO Prestacion (pre_id,pre_nombre,creado,modificado,pre_grupo,activo)VALUES (17,'Eliminar Roles','20010128 13:51:55','20010128 13:51:55','Roles',1)
INSERT INTO Prestacion (pre_id,pre_nombre,creado,modificado,pre_grupo,activo)VALUES (18,'Listar Permisos','20010128 13:51:55','20010128 13:51:55','Permisos',1)
INSERT INTO Prestacion (pre_id,pre_nombre,creado,modificado,pre_grupo,activo)VALUES (1000,'Agregar Provincias','20010127 16:34:41','20010127 16:34:41','General',1)
INSERT INTO Prestacion (pre_id,pre_nombre,creado,modificado,pre_grupo,activo)VALUES (1001,'Editar Provincias','20010127 16:34:41','20010127 16:34:41','General',1)
INSERT INTO Prestacion (pre_id,pre_nombre,creado,modificado,pre_grupo,activo)VALUES (1002,'Borrar Provincias','20010127 16:34:41','20010127 16:34:41','General',1)
INSERT INTO Prestacion (pre_id,pre_nombre,creado,modificado,pre_grupo,activo)VALUES (1003,'Listar Provincias','20010127 17:03:36','20010127 17:03:36','General',1)
INSERT INTO Prestacion (pre_id,pre_nombre,creado,modificado,pre_grupo,activo)VALUES (1004,'Agregar Zonas','20010128 12:47:42','20010128 12:47:42','General',1)
INSERT INTO Prestacion (pre_id,pre_nombre,creado,modificado,pre_grupo,activo)VALUES (1005,'Editar Zonas','20010128 12:47:42','20010128 12:47:42','General',1)
INSERT INTO Prestacion (pre_id,pre_nombre,creado,modificado,pre_grupo,activo)VALUES (1006,'Borrar Zonas','20010128 12:47:42','20010128 12:47:42','General',1)
GO
INSERT INTO Prestacion (pre_id,pre_nombre,creado,modificado,pre_grupo,activo)VALUES (1007,'Listar Zonas','20010128 12:47:42','20010128 12:47:42','General',1)
INSERT INTO Prestacion (pre_id,pre_nombre,creado,modificado,pre_grupo,activo)VALUES (1008,'Agregar Tasas Impositivas','20010130 23:15:19','20010130 23:15:19','General',1)
INSERT INTO Prestacion (pre_id,pre_nombre,creado,modificado,pre_grupo,activo)VALUES (1009,'Editar Tasas Impositivas','20010130 23:15:19','20010130 23:15:19','General',1)
INSERT INTO Prestacion (pre_id,pre_nombre,creado,modificado,pre_grupo,activo)VALUES (1010,'Borrar Tasas Impositivas','20010130 23:15:19','20010130 23:15:19','General',1)
INSERT INTO Prestacion (pre_id,pre_nombre,creado,modificado,pre_grupo,activo)VALUES (1011,'Listar Tasas Impositivas','20010130 23:15:19','20010130 23:15:19','General',1)
INSERT INTO Prestacion (pre_id,pre_nombre,creado,modificado,pre_grupo,activo)VALUES (1012,'Agregar Depositos Fisicos','20010130 23:15:19','20010130 23:15:19','General',1)
INSERT INTO Prestacion (pre_id,pre_nombre,creado,modificado,pre_grupo,activo)VALUES (1013,'Editar Depositos Fisicos','20010130 23:15:19','20010130 23:15:19','General',1)
INSERT INTO Prestacion (pre_id,pre_nombre,creado,modificado,pre_grupo,activo)VALUES (1014,'Borrar Depositos Fisicos','20010130 23:15:19','20010130 23:15:19','General',1)
INSERT INTO Prestacion (pre_id,pre_nombre,creado,modificado,pre_grupo,activo)VALUES (1015,'Listar Depositos Fisicos','20010130 23:15:19','20010130 23:15:19','General',1)
INSERT INTO Prestacion (pre_id,pre_nombre,creado,modificado,pre_grupo,activo)VALUES (1016,'Agregar Depositos Logicos','20010130 23:15:19','20010130 23:15:19','General',1)
GO
INSERT INTO Prestacion (pre_id,pre_nombre,creado,modificado,pre_grupo,activo)VALUES (1017,'Editar Depositos Logicos','20010130 23:15:19','20010130 23:15:19','General',1)
INSERT INTO Prestacion (pre_id,pre_nombre,creado,modificado,pre_grupo,activo)VALUES (1018,'Borrar Depositos Logicos','20010130 23:15:19','20010130 23:15:19','General',1)
INSERT INTO Prestacion (pre_id,pre_nombre,creado,modificado,pre_grupo,activo)VALUES (1019,'Listar Depositos Logicos','20010130 23:15:19','20010130 23:15:19','General',1)
INSERT INTO Prestacion (pre_id,pre_nombre,creado,modificado,pre_grupo,activo)VALUES (1020,'Agregar Unidades','20010131 20:21:20','20010131 20:21:20','General',1)
INSERT INTO Prestacion (pre_id,pre_nombre,creado,modificado,pre_grupo,activo)VALUES (1021,'Editar Unidades','20010131 20:21:20','20010131 20:21:20','General',1)
INSERT INTO Prestacion (pre_id,pre_nombre,creado,modificado,pre_grupo,activo)VALUES (1022,'Borrar Unidades','20010131 20:21:20','20010131 20:21:20','General',1)
INSERT INTO Prestacion (pre_id,pre_nombre,creado,modificado,pre_grupo,activo)VALUES (1023,'Listar Unidades','20010131 20:21:20','20010131 20:21:20','General',1)
INSERT INTO Prestacion (pre_id,pre_nombre,creado,modificado,pre_grupo,activo)VALUES (1024,'Agregar Sucursal Cliente','20010131 20:21:20','20010131 20:21:20','General',1)
INSERT INTO Prestacion (pre_id,pre_nombre,creado,modificado,pre_grupo,activo)VALUES (1025,'Editar Sucursal Cliente','20010131 20:21:20','20010131 20:21:20','General',1)
INSERT INTO Prestacion (pre_id,pre_nombre,creado,modificado,pre_grupo,activo)VALUES (1026,'Borrar Sucursal Cliente','20010131 20:21:20','20010131 20:21:20','General',1)
GO
INSERT INTO Prestacion (pre_id,pre_nombre,creado,modificado,pre_grupo,activo)VALUES (1027,'Listar Sucursal Cliente','20010131 20:21:20','20010131 20:21:20','General',1)
INSERT INTO Prestacion (pre_id,pre_nombre,creado,modificado,pre_grupo,activo)VALUES (1028,'Agregar Monedas','20010131 20:21:20','20010131 20:21:20','General',1)
INSERT INTO Prestacion (pre_id,pre_nombre,creado,modificado,pre_grupo,activo)VALUES (1029,'Editar Monedas','20010131 20:21:20','20010131 20:21:20','General',1)
INSERT INTO Prestacion (pre_id,pre_nombre,creado,modificado,pre_grupo,activo)VALUES (1030,'Borrar Monedas','20010131 20:21:20','20010131 20:21:20','General',1)
INSERT INTO Prestacion (pre_id,pre_nombre,creado,modificado,pre_grupo,activo)VALUES (1031,'Listar Monedas','20010131 20:21:20','20010131 20:21:20','General',1)
INSERT INTO Prestacion (pre_id,pre_nombre,creado,modificado,pre_grupo,activo)VALUES (1032,'Agregar Bancos','20010131 20:21:20','20010131 20:21:20','General',1)
INSERT INTO Prestacion (pre_id,pre_nombre,creado,modificado,pre_grupo,activo)VALUES (1033,'Editar Bancos','20010131 20:21:20','20010131 20:21:20','General',1)
INSERT INTO Prestacion (pre_id,pre_nombre,creado,modificado,pre_grupo,activo)VALUES (1034,'Borrar Bancos','20010131 20:21:20','20010131 20:21:20','General',1)
INSERT INTO Prestacion (pre_id,pre_nombre,creado,modificado,pre_grupo,activo)VALUES (1035,'Listar Bancos','20010131 20:21:20','20010131 20:21:20','General',1)
INSERT INTO Prestacion (pre_id,pre_nombre,creado,modificado,pre_grupo,activo)VALUES (1036,'Agregar Vendedores','20010131 20:21:20','20010131 20:21:20','General',1)
GO
INSERT INTO Prestacion (pre_id,pre_nombre,creado,modificado,pre_grupo,activo)VALUES (1037,'Editar Vendedores','20010131 20:21:20','20010131 20:21:20','General',1)
INSERT INTO Prestacion (pre_id,pre_nombre,creado,modificado,pre_grupo,activo)VALUES (1038,'Borrar Vendedores','20010131 20:21:20','20010131 20:21:20','General',1)
INSERT INTO Prestacion (pre_id,pre_nombre,creado,modificado,pre_grupo,activo)VALUES (1039,'Listar Vendedores','20010131 20:21:20','20010131 20:21:20','General',1)
INSERT INTO Prestacion (pre_id,pre_nombre,creado,modificado,pre_grupo,activo)VALUES (1040,'Agregar Tarjeta de Credito','20010131 20:21:20','20010131 20:21:20','General',1)
INSERT INTO Prestacion (pre_id,pre_nombre,creado,modificado,pre_grupo,activo)VALUES (1041,'Editar Tarjeta de Credito','20010131 20:21:20','20010131 20:21:20','General',1)
INSERT INTO Prestacion (pre_id,pre_nombre,creado,modificado,pre_grupo,activo)VALUES (1042,'Borrar Tarjeta de Credito','20010131 20:21:20','20010131 20:21:20','General',1)
INSERT INTO Prestacion (pre_id,pre_nombre,creado,modificado,pre_grupo,activo)VALUES (1043,'Listar Tarjeta de Credito','20010131 20:21:20','20010131 20:21:20','General',1)
INSERT INTO Prestacion (pre_id,pre_nombre,creado,modificado,pre_grupo,activo)VALUES (1044,'Agregar Cuenta','20010203 19:51:31','20010203 19:51:31','General',1)
INSERT INTO Prestacion (pre_id,pre_nombre,creado,modificado,pre_grupo,activo)VALUES (1045,'Editar Cuenta','20010203 19:51:31','20010203 19:51:31','General',1)
INSERT INTO Prestacion (pre_id,pre_nombre,creado,modificado,pre_grupo,activo)VALUES (1046,'Borrar Cuenta','20010203 19:51:31','20010203 19:51:31','General',1)
GO
INSERT INTO Prestacion (pre_id,pre_nombre,creado,modificado,pre_grupo,activo)VALUES (1047,'Listar Cuenta','20010203 19:51:31','20010203 19:51:31','General',1)
INSERT INTO Prestacion (pre_id,pre_nombre,creado,modificado,pre_grupo,activo)VALUES (1048,'Agregar Leyenda','20010205 21:09:57','20010205 21:09:57','General',1)
INSERT INTO Prestacion (pre_id,pre_nombre,creado,modificado,pre_grupo,activo)VALUES (1049,'Editar Leyenda','20010205 21:09:57','20010205 21:09:57','General',1)
INSERT INTO Prestacion (pre_id,pre_nombre,creado,modificado,pre_grupo,activo)VALUES (1050,'Borrar Leyenda','20010205 21:09:57','20010205 21:09:57','General',1)
INSERT INTO Prestacion (pre_id,pre_nombre,creado,modificado,pre_grupo,activo)VALUES (1051,'Listar Leyenda','20010205 21:09:57','20010205 21:09:57','General',1)
INSERT INTO Prestacion (pre_id,pre_nombre,creado,modificado,pre_grupo,activo)VALUES (1052,'Agregar Centro de Costo','20010207 15:57:00','20010207 15:57:00','General',1)
INSERT INTO Prestacion (pre_id,pre_nombre,creado,modificado,pre_grupo,activo)VALUES (1053,'Editar Centro de Costo','20010207 15:57:00','20010207 15:57:00','General',1)
INSERT INTO Prestacion (pre_id,pre_nombre,creado,modificado,pre_grupo,activo)VALUES (1054,'Borrar Centro de Costo','20010207 15:57:00','20010207 15:57:00','General',1)
INSERT INTO Prestacion (pre_id,pre_nombre,creado,modificado,pre_grupo,activo)VALUES (1055,'Listar Centro de Costo','20010207 15:57:00','20010207 15:57:00','General',1)
INSERT INTO Prestacion (pre_id,pre_nombre,creado,modificado,pre_grupo,activo)VALUES (1056,'Agregar Cobrador','20010207 17:23:57','20010207 17:23:57','General',1)
GO
INSERT INTO Prestacion (pre_id,pre_nombre,creado,modificado,pre_grupo,activo)VALUES (1057,'Editar Cobrador','20010207 17:23:57','20010207 17:23:57','General',1)
INSERT INTO Prestacion (pre_id,pre_nombre,creado,modificado,pre_grupo,activo)VALUES (1058,'Borrar Cobrador','20010207 17:23:57','20010207 17:23:57','General',1)
INSERT INTO Prestacion (pre_id,pre_nombre,creado,modificado,pre_grupo,activo)VALUES (1059,'Listar Cobrador','20010207 17:23:57','20010207 17:23:57','General',1)
INSERT INTO Prestacion (pre_id,pre_nombre,creado,modificado,pre_grupo,activo)VALUES (1060,'Agregar ReglaLiquidacion','20010208 10:03:08','20010208 10:03:08','General',1)
INSERT INTO Prestacion (pre_id,pre_nombre,creado,modificado,pre_grupo,activo)VALUES (1061,'Editar ReglaLiquidacion','20010208 10:03:08','20010208 10:03:08','General',1)
INSERT INTO Prestacion (pre_id,pre_nombre,creado,modificado,pre_grupo,activo)VALUES (1062,'Borrar ReglaLiquidacion','20010208 10:03:08','20010208 10:03:08','General',1)
INSERT INTO Prestacion (pre_id,pre_nombre,creado,modificado,pre_grupo,activo)VALUES (1063,'Listar ReglaLiquidacion','20010208 10:03:08','20010208 10:03:08','General',1)
INSERT INTO Prestacion (pre_id,pre_nombre,creado,modificado,pre_grupo,activo)VALUES (1064,'Agregar Clearing','20010212 13:02:16','20010212 13:02:16','General',1)
INSERT INTO Prestacion (pre_id,pre_nombre,creado,modificado,pre_grupo,activo)VALUES (1065,'Editar Clearing','20010212 13:02:16','20010212 13:02:16','General',1)
INSERT INTO Prestacion (pre_id,pre_nombre,creado,modificado,pre_grupo,activo)VALUES (1066,'Borrar Clearing','20010212 13:02:16','20010212 13:02:16','General',1)
GO
INSERT INTO Prestacion (pre_id,pre_nombre,creado,modificado,pre_grupo,activo)VALUES (1067,'Listar Clearing','20010212 13:02:16','20010212 13:02:16','General',1)
INSERT INTO Prestacion (pre_id,pre_nombre,creado,modificado,pre_grupo,activo)VALUES (1068,'Agregar Cliente','20010212 13:49:15','20010212 13:49:15','General',1)
INSERT INTO Prestacion (pre_id,pre_nombre,creado,modificado,pre_grupo,activo)VALUES (1069,'Editar Cliente','20010212 13:49:15','20010212 13:49:15','General',1)
INSERT INTO Prestacion (pre_id,pre_nombre,creado,modificado,pre_grupo,activo)VALUES (1070,'Borrar Cliente','20010212 13:49:15','20010212 13:49:15','General',1)
INSERT INTO Prestacion (pre_id,pre_nombre,creado,modificado,pre_grupo,activo)VALUES (1071,'Listar Cliente','20010212 13:49:15','20010212 13:49:15','General',1)
INSERT INTO Prestacion (pre_id,pre_nombre,creado,modificado,pre_grupo,activo)VALUES (1072,'Agregar Proveedor','20010214 17:10:23','20010214 17:10:23','General',1)
INSERT INTO Prestacion (pre_id,pre_nombre,creado,modificado,pre_grupo,activo)VALUES (1073,'Editar Proveedor','20010214 17:10:24','20010214 17:10:24','General',1)
INSERT INTO Prestacion (pre_id,pre_nombre,creado,modificado,pre_grupo,activo)VALUES (1074,'Borrar Proveedor','20010214 17:10:24','20010214 17:10:24','General',1)
INSERT INTO Prestacion (pre_id,pre_nombre,creado,modificado,pre_grupo,activo)VALUES (1075,'Listar Proveedor','20010214 17:10:24','20010214 17:10:24','General',1)
INSERT INTO Prestacion (pre_id,pre_nombre,creado,modificado,pre_grupo,activo)VALUES (1076,'Agregar Producto','20010625 23:03:17','20010625 23:03:17','General',1)
GO
INSERT INTO Prestacion (pre_id,pre_nombre,creado,modificado,pre_grupo,activo)VALUES (1077,'Editar Producto','20010625 23:03:17','20010625 23:03:17','General',1)
INSERT INTO Prestacion (pre_id,pre_nombre,creado,modificado,pre_grupo,activo)VALUES (1078,'Borrar Producto','20010625 23:03:17','20010625 23:03:17','General',1)
INSERT INTO Prestacion (pre_id,pre_nombre,creado,modificado,pre_grupo,activo)VALUES (1079,'Listar Producto','20010625 23:03:17','20010625 23:03:17','General',1)
INSERT INTO Prestacion (pre_id,pre_nombre,creado,modificado,pre_grupo,activo)VALUES (1080,'Agregar Rubro','20020317 14:57:32','20020317 14:57:32','General',1)
INSERT INTO Prestacion (pre_id,pre_nombre,creado,modificado,pre_grupo,activo)VALUES (1081,'Editar Rubro','20020317 14:57:33','20020317 14:57:33','General',1)
INSERT INTO Prestacion (pre_id,pre_nombre,creado,modificado,pre_grupo,activo)VALUES (1082,'Borrar Rubro','20020317 14:57:32','20020317 14:57:32','General',1)
INSERT INTO Prestacion (pre_id,pre_nombre,creado,modificado,pre_grupo,activo)VALUES (1083,'Listar Rubro','20020317 14:57:33','20020317 14:57:33','General',1)
INSERT INTO Prestacion (pre_id,pre_nombre,creado,modificado,pre_grupo,activo)VALUES (1084,'Agregar Escala','20020317 15:56:34','20020317 15:56:34','General',1)
INSERT INTO Prestacion (pre_id,pre_nombre,creado,modificado,pre_grupo,activo)VALUES (1085,'Editar Escala','20020317 15:56:34','20020317 15:56:34','General',1)
INSERT INTO Prestacion (pre_id,pre_nombre,creado,modificado,pre_grupo,activo)VALUES (1086,'Borrar Escala','20020317 15:56:34','20020317 15:56:34','General',1)
GO
INSERT INTO Prestacion (pre_id,pre_nombre,creado,modificado,pre_grupo,activo)VALUES (1087,'Listar Escala','20020317 15:56:34','20020317 15:56:34','General',1)

INSERT INTO Producto (pr_id,pr_nombrecompra,pr_nombreventa,pr_alias,activo,pr_descripventa,pr_descripcompra,un_id_compra,un_id_venta,un_id_stock,pr_ventacompra,pr_ventastock,pr_stockcompra,pr_llevastock,pr_secompra,pr_sevende,pr_eskit,pr_eslista,ti_id_ivaricompra,ti_id_ivarnicompra,ti_id_ivariventa,ti_id_ivarniventa,ti_id_internosv,ti_id_internosc,pr_porcinternoc,pr_porcinternov,ibc_id,cue_id_compra,cue_id_venta,pr_x,pr_y,pr_z,pr_tienehijo,pr_id_padre,pr_editarpreciohijo,pr_permiteedicion,pr_borrado,pr_stockminimo,pr_stockmaximo,pr_codigoexterno,pr_reposicion,creado,modifico,modificado,rub_id)VALUES (1,'Ejemplo 1','Chupetin en caja','ej1',1,'Chupetin','chupetines arcor de chocolate',2,1,1,1,1,1,1,1,1,0,0,2,3,NULL,NULL,NULL,NULL,0.01,0,NULL,15,6,0,0,0,0,NULL,0,0,0,0,0,'bc1524678',0,'20010626 00:26:30',1,'20020320 00:00:00',NULL)


INSERT INTO Proveedor (prov_id,prov_nombre,prov_alias,prov_contacto,prov_razonsocial,prov_cuit,prov_ingresosbrutos,prov_catfiscal,prov_chequeorden,prov_codpostal,prov_localidad,prov_calle,prov_callenumero,prov_piso,prov_depto,prov_tel,prov_fax,prov_email,prov_web,pro_id,zon_id,creado,modificado,modifico,activo)VALUES (4,'Ejemplo1','ej1','x','x','30-25032150-0','x',1,'x','x','x','x','x','x','x','x','x','x','x',31,2,'20010623 20:49:11','20020320 00:00:00',1,1)

INSERT INTO Rol (rol_id,rol_nombre,modificado,creado,modifico,activo)VALUES (1,'Supervisor','20020320 00:00:00','20020320 08:00:26',1,1)

INSERT INTO Rubro (rub_id,rub_nombre,rub_alias,creado,modificado,modifico,activo)VALUES (2,'Ejemplo 1','EJ','20020317 15:11:56','20020320 00:00:00',1,1)

INSERT INTO TarjetaCredito (tjc_id,tjc_nombre,tjc_alias,creado,modificado,modifico,activo)VALUES (1,'RioCuarto Card','RCC','20010201 11:27:38','19050622 00:00:00',1,1)
INSERT INTO TarjetaCredito (tjc_id,tjc_nombre,tjc_alias,creado,modificado,modifico,activo)VALUES (2,'CreditCard Argentina','CCA','20010201 11:28:10','19050622 00:00:00',1,1)
INSERT INTO TarjetaCredito (tjc_id,tjc_nombre,tjc_alias,creado,modificado,modifico,activo)VALUES (3,'Banelcp','VANE','20010201 19:39:33','19050622 00:00:00',1,1)



INSERT INTO Vendedor (ven_id,ven_nombre,ven_alias,activo,creado,modificado,modifico)VALUES (1,'Ejemplo 1','EJ1',1,'20020320 20:38:39','20020320 00:00:00',1)

INSERT INTO Permiso (per_id,pre_id,us_id,rol_id,modificado,creado,modifico)VALUES (116,4,1,NULL,'20020320 21:03:03','20020314 22:22:47',1)
GO
INSERT INTO Permiso (per_id,pre_id,us_id,rol_id,modificado,creado,modifico)VALUES (117,1,1,NULL,'20020320 21:03:03','20020314 22:22:47',1)
INSERT INTO Permiso (per_id,pre_id,us_id,rol_id,modificado,creado,modifico)VALUES (118,2,1,NULL,'20020320 21:03:03','20020314 22:22:47',1)
INSERT INTO Permiso (per_id,pre_id,us_id,rol_id,modificado,creado,modifico)VALUES (23,8,1,NULL,'20020320 21:03:03','20010128 14:06:51',1)
INSERT INTO Permiso (per_id,pre_id,us_id,rol_id,modificado,creado,modifico)VALUES (24,18,1,NULL,'20020320 21:03:03','20010128 14:11:36',1)
INSERT INTO Permiso (per_id,pre_id,us_id,rol_id,modificado,creado,modifico)VALUES (25,9,1,NULL,'20020320 21:03:03','20010128 14:11:36',1)
INSERT INTO Permiso (per_id,pre_id,us_id,rol_id,modificado,creado,modifico)VALUES (26,14,1,NULL,'20020320 21:03:03','20010128 14:12:14',1)
INSERT INTO Permiso (per_id,pre_id,us_id,rol_id,modificado,creado,modifico)VALUES (27,16,1,NULL,'20020320 21:03:03','20010128 14:12:14',1)
INSERT INTO Permiso (per_id,pre_id,us_id,rol_id,modificado,creado,modifico)VALUES (28,17,1,NULL,'20020320 21:03:03','20010128 14:12:14',1)
INSERT INTO Permiso (per_id,pre_id,us_id,rol_id,modificado,creado,modifico)VALUES (29,15,1,NULL,'20020320 21:03:03','20010128 14:12:14',1)
INSERT INTO Permiso (per_id,pre_id,us_id,rol_id,modificado,creado,modifico)VALUES (30,1012,1,NULL,'20020320 21:03:03','20010130 23:18:11',1)
GO
INSERT INTO Permiso (per_id,pre_id,us_id,rol_id,modificado,creado,modifico)VALUES (31,1013,1,NULL,'20020320 21:03:03','20010130 23:18:11',1)
INSERT INTO Permiso (per_id,pre_id,us_id,rol_id,modificado,creado,modifico)VALUES (32,1014,1,NULL,'20020320 21:03:03','20010130 23:18:11',1)
INSERT INTO Permiso (per_id,pre_id,us_id,rol_id,modificado,creado,modifico)VALUES (33,1017,1,NULL,'20020320 21:03:03','20010130 23:18:11',1)
INSERT INTO Permiso (per_id,pre_id,us_id,rol_id,modificado,creado,modifico)VALUES (34,1018,1,NULL,'20020320 21:03:03','20010130 23:18:11',1)
INSERT INTO Permiso (per_id,pre_id,us_id,rol_id,modificado,creado,modifico)VALUES (35,1019,1,NULL,'20020320 21:03:03','20010130 23:18:11',1)
INSERT INTO Permiso (per_id,pre_id,us_id,rol_id,modificado,creado,modifico)VALUES (36,1015,1,NULL,'20020320 21:03:03','20010130 23:18:11',1)
INSERT INTO Permiso (per_id,pre_id,us_id,rol_id,modificado,creado,modifico)VALUES (37,1016,1,NULL,'20020320 21:03:03','20010130 23:18:11',1)
INSERT INTO Permiso (per_id,pre_id,us_id,rol_id,modificado,creado,modifico)VALUES (38,1024,1,NULL,'20020320 21:03:03','20010131 20:22:12',1)
INSERT INTO Permiso (per_id,pre_id,us_id,rol_id,modificado,creado,modifico)VALUES (39,1025,1,NULL,'20020320 21:03:03','20010131 20:22:12',1)
INSERT INTO Permiso (per_id,pre_id,us_id,rol_id,modificado,creado,modifico)VALUES (40,1026,1,NULL,'20020320 21:03:03','20010131 20:22:12',1)
GO
INSERT INTO Permiso (per_id,pre_id,us_id,rol_id,modificado,creado,modifico)VALUES (41,1027,1,NULL,'20020320 21:03:03','20010131 20:22:13',1)
INSERT INTO Permiso (per_id,pre_id,us_id,rol_id,modificado,creado,modifico)VALUES (42,1032,1,NULL,'20020320 21:03:03','20010131 21:01:02',1)
INSERT INTO Permiso (per_id,pre_id,us_id,rol_id,modificado,creado,modifico)VALUES (43,1033,1,NULL,'20020320 21:03:03','20010131 21:01:02',1)
INSERT INTO Permiso (per_id,pre_id,us_id,rol_id,modificado,creado,modifico)VALUES (44,1034,1,NULL,'20020320 21:03:03','20010131 21:01:02',1)
INSERT INTO Permiso (per_id,pre_id,us_id,rol_id,modificado,creado,modifico)VALUES (45,1035,1,NULL,'20020320 21:03:03','20010131 21:01:02',1)
INSERT INTO Permiso (per_id,pre_id,us_id,rol_id,modificado,creado,modifico)VALUES (46,1038,1,NULL,'20020320 21:03:03','20010131 21:15:15',1)
INSERT INTO Permiso (per_id,pre_id,us_id,rol_id,modificado,creado,modifico)VALUES (47,1036,1,NULL,'20020320 21:03:03','20010131 21:15:15',1)
INSERT INTO Permiso (per_id,pre_id,us_id,rol_id,modificado,creado,modifico)VALUES (48,1037,1,NULL,'20020320 21:03:03','20010131 21:15:15',1)
INSERT INTO Permiso (per_id,pre_id,us_id,rol_id,modificado,creado,modifico)VALUES (49,1039,1,NULL,'20020320 21:03:03','20010131 21:15:15',1)
INSERT INTO Permiso (per_id,pre_id,us_id,rol_id,modificado,creado,modifico)VALUES (50,1028,1,NULL,'20020320 21:03:03','20010131 21:24:39',1)
GO
INSERT INTO Permiso (per_id,pre_id,us_id,rol_id,modificado,creado,modifico)VALUES (51,1029,1,NULL,'20020320 21:03:03','20010131 21:24:39',1)
INSERT INTO Permiso (per_id,pre_id,us_id,rol_id,modificado,creado,modifico)VALUES (52,1030,1,NULL,'20020320 21:03:03','20010131 21:24:39',1)
INSERT INTO Permiso (per_id,pre_id,us_id,rol_id,modificado,creado,modifico)VALUES (53,1031,1,NULL,'20020320 21:03:03','20010131 21:24:39',1)
INSERT INTO Permiso (per_id,pre_id,us_id,rol_id,modificado,creado,modifico)VALUES (54,1004,1,NULL,'20020320 21:03:03','20010201 08:04:25',1)
INSERT INTO Permiso (per_id,pre_id,us_id,rol_id,modificado,creado,modifico)VALUES (55,1005,1,NULL,'20020320 21:03:03','20010201 08:04:25',1)
INSERT INTO Permiso (per_id,pre_id,us_id,rol_id,modificado,creado,modifico)VALUES (56,1006,1,NULL,'20020320 21:03:03','20010201 08:04:25',1)
INSERT INTO Permiso (per_id,pre_id,us_id,rol_id,modificado,creado,modifico)VALUES (57,1007,1,NULL,'20020320 21:03:03','20010201 08:04:25',1)
INSERT INTO Permiso (per_id,pre_id,us_id,rol_id,modificado,creado,modifico)VALUES (58,12,1,NULL,'20020320 21:03:03','20010201 08:04:51',1)
INSERT INTO Permiso (per_id,pre_id,us_id,rol_id,modificado,creado,modifico)VALUES (59,11,1,NULL,'20020320 21:03:03','20010201 08:04:51',1)
INSERT INTO Permiso (per_id,pre_id,us_id,rol_id,modificado,creado,modifico)VALUES (60,13,1,NULL,'20020320 21:03:03','20010201 08:04:51',1)
GO
INSERT INTO Permiso (per_id,pre_id,us_id,rol_id,modificado,creado,modifico)VALUES (61,1003,1,NULL,'20020320 21:03:03','20010201 08:06:04',1)
INSERT INTO Permiso (per_id,pre_id,us_id,rol_id,modificado,creado,modifico)VALUES (62,1008,1,NULL,'20020320 21:03:03','20010201 08:06:04',1)
INSERT INTO Permiso (per_id,pre_id,us_id,rol_id,modificado,creado,modifico)VALUES (63,1009,1,NULL,'20020320 21:03:03','20010201 08:06:04',1)
INSERT INTO Permiso (per_id,pre_id,us_id,rol_id,modificado,creado,modifico)VALUES (64,1010,1,NULL,'20020320 21:03:03','20010201 08:06:04',1)
INSERT INTO Permiso (per_id,pre_id,us_id,rol_id,modificado,creado,modifico)VALUES (65,1011,1,NULL,'20020320 21:03:03','20010201 08:06:04',1)
INSERT INTO Permiso (per_id,pre_id,us_id,rol_id,modificado,creado,modifico)VALUES (66,1020,1,NULL,'20020320 21:03:03','20010201 08:06:04',1)
INSERT INTO Permiso (per_id,pre_id,us_id,rol_id,modificado,creado,modifico)VALUES (67,1021,1,NULL,'20020320 21:03:03','20010201 08:06:04',1)
INSERT INTO Permiso (per_id,pre_id,us_id,rol_id,modificado,creado,modifico)VALUES (68,1022,1,NULL,'20020320 21:03:03','20010201 08:06:04',1)
INSERT INTO Permiso (per_id,pre_id,us_id,rol_id,modificado,creado,modifico)VALUES (69,1023,1,NULL,'20020320 21:03:03','20010201 08:06:04',1)
INSERT INTO Permiso (per_id,pre_id,us_id,rol_id,modificado,creado,modifico)VALUES (70,1040,1,NULL,'20020320 21:03:03','20010201 08:06:04',1)
GO
INSERT INTO Permiso (per_id,pre_id,us_id,rol_id,modificado,creado,modifico)VALUES (71,1041,1,NULL,'20020320 21:03:03','20010201 08:06:04',1)
INSERT INTO Permiso (per_id,pre_id,us_id,rol_id,modificado,creado,modifico)VALUES (72,1042,1,NULL,'20020320 21:03:03','20010201 08:06:04',1)
INSERT INTO Permiso (per_id,pre_id,us_id,rol_id,modificado,creado,modifico)VALUES (73,1043,1,NULL,'20020320 21:03:03','20010201 08:06:04',1)
INSERT INTO Permiso (per_id,pre_id,us_id,rol_id,modificado,creado,modifico)VALUES (74,1044,1,NULL,'20020320 21:03:03','20010203 19:52:32',1)
INSERT INTO Permiso (per_id,pre_id,us_id,rol_id,modificado,creado,modifico)VALUES (75,1045,1,NULL,'20020320 21:03:03','20010203 19:52:32',1)
INSERT INTO Permiso (per_id,pre_id,us_id,rol_id,modificado,creado,modifico)VALUES (76,1046,1,NULL,'20020320 21:03:03','20010203 19:52:32',1)
INSERT INTO Permiso (per_id,pre_id,us_id,rol_id,modificado,creado,modifico)VALUES (77,1047,1,NULL,'20020320 21:03:03','20010203 19:52:32',1)
INSERT INTO Permiso (per_id,pre_id,us_id,rol_id,modificado,creado,modifico)VALUES (84,1051,1,NULL,'20020320 21:03:03','20010205 21:10:57',1)
INSERT INTO Permiso (per_id,pre_id,us_id,rol_id,modificado,creado,modifico)VALUES (85,1050,1,NULL,'20020320 21:03:03','20010205 21:10:57',1)
INSERT INTO Permiso (per_id,pre_id,us_id,rol_id,modificado,creado,modifico)VALUES (86,1049,1,NULL,'20020320 21:03:03','20010205 21:10:57',1)
GO
INSERT INTO Permiso (per_id,pre_id,us_id,rol_id,modificado,creado,modifico)VALUES (87,1048,1,NULL,'20020320 21:03:03','20010205 21:10:57',1)
INSERT INTO Permiso (per_id,pre_id,us_id,rol_id,modificado,creado,modifico)VALUES (88,1052,1,NULL,'20020320 21:03:03','20010207 15:58:13',1)
INSERT INTO Permiso (per_id,pre_id,us_id,rol_id,modificado,creado,modifico)VALUES (89,1053,1,NULL,'20020320 21:03:03','20010207 15:58:13',1)
INSERT INTO Permiso (per_id,pre_id,us_id,rol_id,modificado,creado,modifico)VALUES (90,1054,1,NULL,'20020320 21:03:03','20010207 15:58:13',1)
INSERT INTO Permiso (per_id,pre_id,us_id,rol_id,modificado,creado,modifico)VALUES (91,1055,1,NULL,'20020320 21:03:03','20010207 15:58:13',1)
INSERT INTO Permiso (per_id,pre_id,us_id,rol_id,modificado,creado,modifico)VALUES (92,1056,1,NULL,'20020320 21:03:03','20010208 08:50:46',1)
INSERT INTO Permiso (per_id,pre_id,us_id,rol_id,modificado,creado,modifico)VALUES (93,1057,1,NULL,'20020320 21:03:03','20010208 08:50:46',1)
INSERT INTO Permiso (per_id,pre_id,us_id,rol_id,modificado,creado,modifico)VALUES (94,1058,1,NULL,'20020320 21:03:03','20010208 08:50:46',1)
INSERT INTO Permiso (per_id,pre_id,us_id,rol_id,modificado,creado,modifico)VALUES (95,1059,1,NULL,'20020320 21:03:03','20010208 08:50:46',1)
INSERT INTO Permiso (per_id,pre_id,us_id,rol_id,modificado,creado,modifico)VALUES (96,1062,1,NULL,'20020320 21:03:03','20010208 10:04:25',1)
GO
INSERT INTO Permiso (per_id,pre_id,us_id,rol_id,modificado,creado,modifico)VALUES (97,1060,1,NULL,'20020320 21:03:03','20010208 10:04:25',1)
INSERT INTO Permiso (per_id,pre_id,us_id,rol_id,modificado,creado,modifico)VALUES (98,1063,1,NULL,'20020320 21:03:03','20010208 10:04:25',1)
INSERT INTO Permiso (per_id,pre_id,us_id,rol_id,modificado,creado,modifico)VALUES (99,1061,1,NULL,'20020320 21:03:03','20010208 10:04:25',1)
INSERT INTO Permiso (per_id,pre_id,us_id,rol_id,modificado,creado,modifico)VALUES (100,1064,1,NULL,'20020320 21:03:03','20010212 13:04:23',1)
INSERT INTO Permiso (per_id,pre_id,us_id,rol_id,modificado,creado,modifico)VALUES (101,1065,1,NULL,'20020320 21:03:03','20010212 13:04:23',1)
INSERT INTO Permiso (per_id,pre_id,us_id,rol_id,modificado,creado,modifico)VALUES (102,1066,1,NULL,'20020320 21:03:03','20010212 13:04:23',1)
INSERT INTO Permiso (per_id,pre_id,us_id,rol_id,modificado,creado,modifico)VALUES (103,1067,1,NULL,'20020320 21:03:03','20010212 13:04:23',1)
INSERT INTO Permiso (per_id,pre_id,us_id,rol_id,modificado,creado,modifico)VALUES (104,1068,1,NULL,'20020320 21:03:03','20010214 17:19:10',1)
INSERT INTO Permiso (per_id,pre_id,us_id,rol_id,modificado,creado,modifico)VALUES (105,1069,1,NULL,'20020320 21:03:03','20010214 17:19:10',1)
INSERT INTO Permiso (per_id,pre_id,us_id,rol_id,modificado,creado,modifico)VALUES (106,1070,1,NULL,'20020320 21:03:03','20010214 17:19:10',1)
GO
INSERT INTO Permiso (per_id,pre_id,us_id,rol_id,modificado,creado,modifico)VALUES (107,1071,1,NULL,'20020320 21:03:03','20010214 17:19:10',1)
INSERT INTO Permiso (per_id,pre_id,us_id,rol_id,modificado,creado,modifico)VALUES (108,1072,1,NULL,'20020320 21:03:03','20010214 17:19:10',1)
INSERT INTO Permiso (per_id,pre_id,us_id,rol_id,modificado,creado,modifico)VALUES (109,1073,1,NULL,'20020320 21:03:03','20010214 17:19:10',1)
INSERT INTO Permiso (per_id,pre_id,us_id,rol_id,modificado,creado,modifico)VALUES (110,1074,1,NULL,'20020320 21:03:03','20010214 17:19:10',1)
INSERT INTO Permiso (per_id,pre_id,us_id,rol_id,modificado,creado,modifico)VALUES (111,1075,1,NULL,'20020320 21:03:03','20010214 17:19:10',1)
INSERT INTO Permiso (per_id,pre_id,us_id,rol_id,modificado,creado,modifico)VALUES (112,1076,1,NULL,'20020320 21:03:03','20010625 23:07:35',1)
INSERT INTO Permiso (per_id,pre_id,us_id,rol_id,modificado,creado,modifico)VALUES (113,1077,1,NULL,'20020320 21:03:03','20010625 23:07:35',1)
INSERT INTO Permiso (per_id,pre_id,us_id,rol_id,modificado,creado,modifico)VALUES (114,1078,1,NULL,'20020320 21:03:03','20010625 23:07:35',1)
INSERT INTO Permiso (per_id,pre_id,us_id,rol_id,modificado,creado,modifico)VALUES (115,1079,1,NULL,'20020320 21:03:03','20010625 23:07:35',1)
INSERT INTO Permiso (per_id,pre_id,us_id,rol_id,modificado,creado,modifico)VALUES (119,1080,1,NULL,'20020320 21:03:03','20020317 15:07:46',1)
GO
INSERT INTO Permiso (per_id,pre_id,us_id,rol_id,modificado,creado,modifico)VALUES (120,1081,1,NULL,'20020320 21:03:03','20020317 15:07:46',1)
INSERT INTO Permiso (per_id,pre_id,us_id,rol_id,modificado,creado,modifico)VALUES (121,1082,1,NULL,'20020320 21:03:03','20020317 15:07:46',1)
INSERT INTO Permiso (per_id,pre_id,us_id,rol_id,modificado,creado,modifico)VALUES (122,1083,1,NULL,'20020320 21:03:03','20020317 15:07:46',1)
INSERT INTO Permiso (per_id,pre_id,us_id,rol_id,modificado,creado,modifico)VALUES (123,1087,1,NULL,'20020320 21:03:03','20020317 15:57:47',1)
INSERT INTO Permiso (per_id,pre_id,us_id,rol_id,modificado,creado,modifico)VALUES (124,1085,1,NULL,'20020320 21:03:03','20020317 15:57:47',1)
INSERT INTO Permiso (per_id,pre_id,us_id,rol_id,modificado,creado,modifico)VALUES (125,1084,1,NULL,'20020320 21:03:03','20020317 15:57:47',1)
INSERT INTO Permiso (per_id,pre_id,us_id,rol_id,modificado,creado,modifico)VALUES (126,1086,1,NULL,'20020320 21:03:03','20020317 15:57:47',1)
INSERT INTO Permiso (per_id,pre_id,us_id,rol_id,modificado,creado,modifico)VALUES (127,1,1,NULL,'20020320 21:03:03','20020320 18:29:59',1)
INSERT INTO Permiso (per_id,pre_id,us_id,rol_id,modificado,creado,modifico)VALUES (128,2,1,NULL,'20020320 21:03:03','20020320 18:29:59',1)
INSERT INTO Permiso (per_id,pre_id,us_id,rol_id,modificado,creado,modifico)VALUES (129,3,1,NULL,'20020320 21:03:03','20020320 18:29:59',1)
GO
INSERT INTO Permiso (per_id,pre_id,us_id,rol_id,modificado,creado,modifico)VALUES (130,4,1,NULL,'20020320 21:03:03','20020320 18:29:59',1)
INSERT INTO Permiso (per_id,pre_id,us_id,rol_id,modificado,creado,modifico)VALUES (131,5,1,NULL,'20020320 21:03:03','20020320 18:29:59',1)
INSERT INTO Permiso (per_id,pre_id,us_id,rol_id,modificado,creado,modifico)VALUES (132,6,1,NULL,'20020320 21:03:03','20020320 18:29:59',1)
INSERT INTO Permiso (per_id,pre_id,us_id,rol_id,modificado,creado,modifico)VALUES (133,7,1,NULL,'20020320 21:03:03','20020320 18:29:59',1)
INSERT INTO Permiso (per_id,pre_id,us_id,rol_id,modificado,creado,modifico)VALUES (134,10,1,NULL,'20020320 21:03:03','20020320 18:29:59',1)
INSERT INTO Permiso (per_id,pre_id,us_id,rol_id,modificado,creado,modifico)VALUES (135,1000,1,NULL,'20020320 21:03:03','20020320 18:29:59',1)
INSERT INTO Permiso (per_id,pre_id,us_id,rol_id,modificado,creado,modifico)VALUES (136,1001,1,NULL,'20020320 21:03:03','20020320 18:29:59',1)
INSERT INTO Permiso (per_id,pre_id,us_id,rol_id,modificado,creado,modifico)VALUES (137,1002,1,NULL,'20020320 21:03:03','20020320 18:29:59',1)
INSERT INTO Permiso (per_id,pre_id,us_id,rol_id,modificado,creado,modifico)VALUES (11,1000,1,NULL,'20020320 21:03:03','20010128 01:45:22',1)
INSERT INTO Permiso (per_id,pre_id,us_id,rol_id,modificado,creado,modifico)VALUES (12,1001,1,NULL,'20020320 21:03:03','20010128 01:45:22',1)
GO
INSERT INTO Permiso (per_id,pre_id,us_id,rol_id,modificado,creado,modifico)VALUES (13,1002,1,NULL,'20020320 21:03:03','20010128 01:45:22',1)
INSERT INTO Permiso (per_id,pre_id,us_id,rol_id,modificado,creado,modifico)VALUES (14,1003,1,NULL,'20020320 21:03:03','20010128 01:45:22',1)
INSERT INTO Permiso (per_id,pre_id,us_id,rol_id,modificado,creado,modifico)VALUES (19,1000,1,NULL,'20020320 21:03:03','20010128 12:06:18',1)
INSERT INTO Permiso (per_id,pre_id,us_id,rol_id,modificado,creado,modifico)VALUES (20,1001,1,NULL,'20020320 21:03:03','20010128 12:06:18',1)
INSERT INTO Permiso (per_id,pre_id,us_id,rol_id,modificado,creado,modifico)VALUES (21,1002,1,NULL,'20020320 21:03:03','20010128 12:06:18',1)
INSERT INTO Permiso (per_id,pre_id,us_id,rol_id,modificado,creado,modifico)VALUES (22,1003,1,NULL,'20020320 21:03:03','20010128 12:06:18',1)

